toutiao_group_id,title,publish_time_cn,reads,revenue,match_status,matched_paths
7666993006314029614,TikTok允许用户降低AI内容比例，真正变化的是流量由谁决定！,2026-07-27 17:00,0,0,no_match_found,
7666992183194468910,TikTok开始识别AI批量垃圾账号，真正被淘汰的可能不是AI,2026-07-27 15:00,0,0,no_match_found,
7666989719011590707,能源成本上涨，但企业不敢向消费者提价？,2026-07-27 13:00,0,0,no_match_found,
7666987528389444147,KFC和必胜客靠折扣恢复增长，但低价不能直接复制！,2026-07-27 11:00,6,0,no_match_found,
7666985905302946342,消费贷款违约创新高，低收入用户正在主动缩减需求！,2026-07-27 09:00,0,0,no_match_found,
7666984421840568841,中国线上餐饮增长13.9%，餐饮入口继续向数字渠道迁移！,2026-07-27 07:37,25,0.02,no_match_found,
7666344828266922534,24批次食品不合格，别等吃进嘴才知道,2026-07-25 18:00,0,0,no_match_found,
7666343043691282982,亚马逊最高退51美元：自动续费该查了,2026-07-25 16:00,74,0,no_match_found,
7666341207500522022,携程被罚没51.79亿元：你订酒店时看到的“最低价”到底谁说了算,2026-07-25 14:06,0,0,no_match_found,
7666019724131697198,8年质保到期后，电车车主才发现：最贵的可能不是买车,2026-07-24 18:00,14,0,no_match_found,
7666014650042974758,317万年终奖截图传出去后被辞退：职场人真正该怕的不是炫富,2026-07-24 16:54,0,0,no_match_found,
7665687195461763635,贵州遵义多部门查处抠脚汉扮美女卖酒涉事公司！,2026-07-24 11:00,0,0,no_match_found,
7665685512618770990,68元请香结账变952元，湖南衡阳通报涉事商行罚款4000元，停业7天,2026-07-24 09:00,2,0,no_match_found,
7665688037468258866,自驾新能源汽车跨境遭远程锁车超30小时，车主称事前未提醒！,2026-07-24 07:00,2,0,no_match_found,
7665609271308763675,特斯拉营收增长26%，利润却下降：卖得更多，为什么赚钱更难？,2026-07-23 22:00,0,0,no_match_found,
7665608481654784539,亚马逊裁减AGI团队岗位，AI研发开始接受业务优先级审查！,2026-07-23 20:00,0,0,no_match_found,
7665607329580155442,年轻人为何少喝康师傅？,2026-07-23 18:00,1,0,no_match_found,
7665606245226643978,多款高端手机涨价超1000元：新机越来越贵，还需要年年换吗？,2026-07-23 16:00,0,0,no_match_found,
7665604390824264218,净网：网警发布20起涉汛涉灾谣言案例！,2026-07-23 14:26,0,0,no_match_found,
7665580670458380850,求职者因过往民事诉讼被大厂拒聘，过度背调引争议！,2026-07-23 12:55,0,0,no_match_found,
7665251613124067875,TikTok Shop开始亲自替商家做运营，代运营行业可能被平台吞掉！,2026-07-22 23:55,0,0,no_match_found,
7665250423296623139,上半年全国城镇新增就业695万人，同比持平！,2026-07-22 23:00,1,0,no_match_found,
7665246616202265123,外卖补贴监管进入落地窗口，餐饮流量战将从补贴转向利润核算,2026-07-22 22:00,25,0.02,no_match_found,
7665243979377689123,国家消费规划明确支持地域餐饮品牌和美食产业集群！,2026-07-22 21:00,1,0,no_match_found,
7665240612924375567,第一批电车电池8年质保潮来临！,2026-07-22 20:00,3,0,no_match_found,
7665239147438801423,2026年财富中国500强出炉Q！,2026-07-22 19:00,2,0,no_match_found,
7665235558906266112,女子临近退休差点多等11年领养老金！,2026-07-22 18:00,0,0,no_match_found,
7665232523324064296,老人赠房56岁女友被叫停！,2026-07-22 17:00,0,0,no_match_found,
7665228349236642338,"酒店低价早餐券灰产:用差评换霸王餐,有商家卖出3万张获利数十万",2026-07-22 15:00,2,0.01,no_match_found,
7665225595810267648,"女子买二手房吊顶流出血水,原房东疑因卖亏了在房中藏死鸡报复",2026-07-22 13:54,4,0,no_match_found,
7665028458392699427,英国首相伯纳姆首秀：将启动40年来最大改革,2026-07-22 09:00,14,0,no_match_found,
7665027189595472418,美国对加拿大产品加征50%关税！,2026-07-22 08:00,1,0,no_match_found,
7665026244437721615,美股高开低走 芯片股反弹！,2026-07-22 07:00,0,0,no_match_found,
7665025015687037492,世界杯日均消耗15.84万亿Token！,2026-07-22 06:00,0,0,no_match_found,
7665023722893345332,美国拟限制中国开源AI模型！,2026-07-22 02:00,21,0,no_match_found,
7664978427212038690,71岁奶奶救人被认定见义勇为！,2026-07-22 01:00,2,0,no_match_found,
7664976987963458082,SpaceX首份财报将至，真正要接受检验的是这门生意,2026-07-22 00:00,14,0,no_match_found,
7664973953823162932,月租4600元的酒店，为什么开始有人住？,2026-07-21 23:00,1,0,no_match_found,
7664970247287489039,卖一辆10万元的新车只赚1500元，这笔账到底怎么算？,2026-07-21 22:00,6,0,no_match_found,
7664967246195851811,赣锋锂业等成立能源科技公司，普通人该看懂什么信号？,2026-07-21 21:11,269,0.09,no_match_found,
7664852815495365171,菲方围顶冲撞中方巡逻艇视频曝光！,2026-07-21 13:46,6,0,no_match_found,
7664673924667556402,一年超8万家面包店关停：为什么每天都有人买还是有人撑不下去？,2026-07-21 02:12,4,0,no_match_found,
7664155354682393115,两类服务业增长超10%，小老板该重新理解轻资产！,2026-07-19 16:37,0,0,no_match_found,
7664135733241790985,服务消费增长5.3%，为什么只卖商品越来越难赚钱？,2026-07-19 15:25,3,0,no_match_found,
7663199715470672422,创业失败以后，还是愿意继续找老师、找陪跑、找圈子？,2026-07-17 09:00,2,0,no_match_found,
7663153397356315146,为什么很多老板越来越忙，公司却越来越赚不到钱？,2026-07-16 23:55,8,0,no_match_found,
