source,fetch_time,row_index,toutiao_group_id,title,publish_time_unix,publish_time_cn,status_desc,article_type,word_count,impressions,reads,fans_impressions,fans_reads,click_rate,read_complete_rate,read_duration,likes,comments,shares,forwards,favorites,fans_change,revenue,basic_income,subsidy_income,detail_api_code,income_api_code,display_url
toutiao_mp_content_api,2026-08-08T17:40:15.980Z,1,7666993006314029614,TikTok允许用户降低AI内容比例，真正变化的是流量由谁决定！,1785142800,2026-07-27 17:00,已发布,文章,2139,725,0,0,0,0,0,0,0,0,0,0,0,0,0,0,0,0,0,https://www.toutiao.com/item/7666993006314029614/?enter_from=click_creation_center&category_name=creation_center&gd_ext_json=%7B%22enter_from%22%3A%22click_creation_center%22%2C%22category_name%22%3A%22creation_center%22%7D
toutiao_mp_content_api,2026-08-08T17:40:15.980Z,2,7666992183194468910,TikTok开始识别AI批量垃圾账号，真正被淘汰的可能不是AI,1785135600,2026-07-27 15:00,已发布,文章,1683,745,0,0,0,0,0,0,0,0,0,0,0,0,0,0,0,0,0,https://www.toutiao.com/item/7666992183194468910/?enter_from=click_creation_center&category_name=creation_center&gd_ext_json=%7B%22enter_from%22%3A%22click_creation_center%22%2C%22category_name%22%3A%22creation_center%22%7D
toutiao_mp_content_api,2026-08-08T17:40:15.980Z,3,7666989719011590707,能源成本上涨，但企业不敢向消费者提价？,1785128400,2026-07-27 13:00,已发布,文章,1480,760,0,0,0,0,0,0,0,0,0,0,0,0,0,0,0,0,0,https://www.toutiao.com/item/7666989719011590707/?enter_from=click_creation_center&category_name=creation_center&gd_ext_json=%7B%22enter_from%22%3A%22click_creation_center%22%2C%22category_name%22%3A%22creation_center%22%7D
toutiao_mp_content_api,2026-08-08T17:40:15.980Z,4,7666987528389444147,KFC和必胜客靠折扣恢复增长，但低价不能直接复制！,1785121200,2026-07-27 11:00,已发布,文章,1020,956,6,0,0,0.006276150627615063,40,27,0,1,0,0,0,0,0,0,0,0,0,https://www.toutiao.com/item/7666987528389444147/?enter_from=click_creation_center&category_name=creation_center&gd_ext_json=%7B%22enter_from%22%3A%22click_creation_center%22%2C%22category_name%22%3A%22creation_center%22%7D
toutiao_mp_content_api,2026-08-08T17:40:15.980Z,5,7666985905302946342,消费贷款违约创新高，低收入用户正在主动缩减需求！,1785114000,2026-07-27 09:00,已发布,文章,1815,718,0,0,0,0,0,0,0,0,0,0,0,0,0,0,0,0,0,https://www.toutiao.com/item/7666985905302946342/?enter_from=click_creation_center&category_name=creation_center&gd_ext_json=%7B%22enter_from%22%3A%22click_creation_center%22%2C%22category_name%22%3A%22creation_center%22%7D
toutiao_mp_content_api,2026-08-08T17:40:15.980Z,6,7666984421840568841,中国线上餐饮增长13.9%，餐饮入口继续向数字渠道迁移！,1785109041,2026-07-27 07:37,已发布,文章,971,2148,25,0,0,0.011638733705772812,58.8,63,0,1,0,0,1,0,0.02,0.02,0,0,0,https://www.toutiao.com/item/7666984421840568841/?enter_from=click_creation_center&category_name=creation_center&gd_ext_json=%7B%22enter_from%22%3A%22click_creation_center%22%2C%22category_name%22%3A%22creation_center%22%7D
toutiao_mp_content_api,2026-08-08T17:40:15.980Z,7,7666344828266922534,24批次食品不合格，别等吃进嘴才知道,1784973600,2026-07-25 18:00,已发布,文章,891,1003,0,0,0,0,0,0,0,0,0,0,0,0,0,0,0,0,0,https://www.toutiao.com/item/7666344828266922534/?enter_from=click_creation_center&category_name=creation_center&gd_ext_json=%7B%22enter_from%22%3A%22click_creation_center%22%2C%22category_name%22%3A%22creation_center%22%7D
toutiao_mp_content_api,2026-08-08T17:40:15.980Z,8,7666343043691282982,亚马逊最高退51美元：自动续费该查了,1784966400,2026-07-25 16:00,已发布,文章,1766,1892,74,0,0,0.039112050739957716,32.407407407407405,48,0,0,2,0,1,0,0,0,0,0,0,https://www.toutiao.com/item/7666343043691282982/?enter_from=click_creation_center&category_name=creation_center&gd_ext_json=%7B%22enter_from%22%3A%22click_creation_center%22%2C%22category_name%22%3A%22creation_center%22%7D
toutiao_mp_content_api,2026-08-08T17:40:15.980Z,9,7666341207500522022,携程被罚没51.79亿元：你订酒店时看到的“最低价”到底谁说了算,1784959587,2026-07-25 14:06,已发布,文章,1022,1049,0,0,0,0,0,0,0,0,0,0,0,0,0,0,0,0,0,https://www.toutiao.com/item/7666341207500522022/?enter_from=click_creation_center&category_name=creation_center&gd_ext_json=%7B%22enter_from%22%3A%22click_creation_center%22%2C%22category_name%22%3A%22creation_center%22%7D
toutiao_mp_content_api,2026-08-08T17:40:15.980Z,10,7666019724131697198,8年质保到期后，电车车主才发现：最贵的可能不是买车,1784887200,2026-07-24 18:00,已发布,文章,1486,1316,14,0,0,0.010638297872340425,0,115,0,1,6,0,0,0,0,0,0,0,0,https://www.toutiao.com/item/7666019724131697198/?enter_from=click_creation_center&category_name=creation_center&gd_ext_json=%7B%22enter_from%22%3A%22click_creation_center%22%2C%22category_name%22%3A%22creation_center%22%7D
toutiao_mp_content_api,2026-08-08T17:40:15.980Z,11,7666014650042974758,317万年终奖截图传出去后被辞退：职场人真正该怕的不是炫富,1784883291,2026-07-24 16:54,已发布,文章,1288,1333,0,0,0,0,0,0,0,0,0,0,0,0,0,0,0,0,0,https://www.toutiao.com/item/7666014650042974758/?enter_from=click_creation_center&category_name=creation_center&gd_ext_json=%7B%22enter_from%22%3A%22click_creation_center%22%2C%22category_name%22%3A%22creation_center%22%7D
toutiao_mp_content_api,2026-08-08T17:40:15.980Z,12,7665687195461763635,贵州遵义多部门查处抠脚汉扮美女卖酒涉事公司！,1784862000,2026-07-24 11:00,已发布,文章,913,1280,0,0,0,0,0,0,0,0,0,0,0,0,0,0,0,0,0,https://www.toutiao.com/item/7665687195461763635/?enter_from=click_creation_center&category_name=creation_center&gd_ext_json=%7B%22enter_from%22%3A%22click_creation_center%22%2C%22category_name%22%3A%22creation_center%22%7D
toutiao_mp_content_api,2026-08-08T17:40:15.980Z,13,7665685512618770990,68元请香结账变952元，湖南衡阳通报涉事商行罚款4000元，停业7天,1784854800,2026-07-24 09:00,已发布,文章,734,780,2,0,0,0.002564102564102564,0,11,0,0,0,0,0,0,0,0,0,0,0,https://www.toutiao.com/item/7665685512618770990/?enter_from=click_creation_center&category_name=creation_center&gd_ext_json=%7B%22enter_from%22%3A%22click_creation_center%22%2C%22category_name%22%3A%22creation_center%22%7D
toutiao_mp_content_api,2026-08-08T17:40:15.980Z,14,7665688037468258866,自驾新能源汽车跨境遭远程锁车超30小时，车主称事前未提醒！,1784847600,2026-07-24 07:00,已发布,文章,977,711,2,0,0,0.0028129395218002813,0,0,0,0,0,0,0,0,0,0,0,0,0,https://www.toutiao.com/item/7665688037468258866/?enter_from=click_creation_center&category_name=creation_center&gd_ext_json=%7B%22enter_from%22%3A%22click_creation_center%22%2C%22category_name%22%3A%22creation_center%22%7D
toutiao_mp_content_api,2026-08-08T17:40:15.980Z,15,7665609271308763675,特斯拉营收增长26%，利润却下降：卖得更多，为什么赚钱更难？,1784815200,2026-07-23 22:00,已发布,文章,583,871,0,0,0,0,0,0,0,0,0,0,0,0,0,0,0,0,0,https://www.toutiao.com/item/7665609271308763675/?enter_from=click_creation_center&category_name=creation_center&gd_ext_json=%7B%22enter_from%22%3A%22click_creation_center%22%2C%22category_name%22%3A%22creation_center%22%7D
toutiao_mp_content_api,2026-08-08T17:40:15.980Z,16,7665608481654784539,亚马逊裁减AGI团队岗位，AI研发开始接受业务优先级审查！,1784808000,2026-07-23 20:00,已发布,文章,598,783,0,0,0,0,0,0,0,0,0,0,0,0,0,0,0,0,0,https://www.toutiao.com/item/7665608481654784539/?enter_from=click_creation_center&category_name=creation_center&gd_ext_json=%7B%22enter_from%22%3A%22click_creation_center%22%2C%22category_name%22%3A%22creation_center%22%7D
toutiao_mp_content_api,2026-08-08T17:40:15.980Z,17,7665607329580155442,年轻人为何少喝康师傅？,1784800800,2026-07-23 18:00,已发布,文章,543,846,1,0,0,0.001182033096926714,99,3,0,0,0,0,0,0,0,0,0,0,0,https://www.toutiao.com/item/7665607329580155442/?enter_from=click_creation_center&category_name=creation_center&gd_ext_json=%7B%22enter_from%22%3A%22click_creation_center%22%2C%22category_name%22%3A%22creation_center%22%7D
toutiao_mp_content_api,2026-08-08T17:40:15.980Z,18,7665606245226643978,多款高端手机涨价超1000元：新机越来越贵，还需要年年换吗？,1784793600,2026-07-23 16:00,已发布,文章,562,788,0,0,0,0,0,0,0,1,0,0,0,0,0,0,0,0,0,https://www.toutiao.com/item/7665606245226643978/?enter_from=click_creation_center&category_name=creation_center&gd_ext_json=%7B%22enter_from%22%3A%22click_creation_center%22%2C%22category_name%22%3A%22creation_center%22%7D
toutiao_mp_content_api,2026-08-08T17:40:15.980Z,19,7665604390824264218,净网：网警发布20起涉汛涉灾谣言案例！,1784787976,2026-07-23 14:26,已发布,文章,524,7,0,0,0,0,0,0,0,0,0,0,0,0,0,0,0,0,0,https://www.toutiao.com/item/7665604390824264218/?enter_from=click_creation_center&category_name=creation_center&gd_ext_json=%7B%22enter_from%22%3A%22click_creation_center%22%2C%22category_name%22%3A%22creation_center%22%7D
toutiao_mp_content_api,2026-08-08T17:40:15.980Z,20,7665580670458380850,求职者因过往民事诉讼被大厂拒聘，过度背调引争议！,1784782555,2026-07-23 12:55,已发布,文章,567,575,0,0,0,0,0,0,0,0,0,0,0,0,0,0,0,0,0,https://www.toutiao.com/item/7665580670458380850/?enter_from=click_creation_center&category_name=creation_center&gd_ext_json=%7B%22enter_from%22%3A%22click_creation_center%22%2C%22category_name%22%3A%22creation_center%22%7D
toutiao_mp_content_api,2026-08-08T17:40:15.980Z,21,7665251613124067875,TikTok Shop开始亲自替商家做运营，代运营行业可能被平台吞掉！,1784735700,2026-07-22 23:55,已发布,文章,876,680,0,0,0,0,0,0,0,0,0,0,0,0,0,0,0,0,0,https://www.toutiao.com/item/7665251613124067875/?enter_from=click_creation_center&category_name=creation_center&gd_ext_json=%7B%22enter_from%22%3A%22click_creation_center%22%2C%22category_name%22%3A%22creation_center%22%7D
toutiao_mp_content_api,2026-08-08T17:40:15.980Z,22,7665250423296623139,上半年全国城镇新增就业695万人，同比持平！,1784732400,2026-07-22 23:00,已发布,文章,689,700,1,0,0,0.0014285714285714286,0,10,0,0,0,0,0,0,0,0,0,0,0,https://www.toutiao.com/item/7665250423296623139/?enter_from=click_creation_center&category_name=creation_center&gd_ext_json=%7B%22enter_from%22%3A%22click_creation_center%22%2C%22category_name%22%3A%22creation_center%22%7D
toutiao_mp_content_api,2026-08-08T17:40:15.980Z,23,7665246616202265123,外卖补贴监管进入落地窗口，餐饮流量战将从补贴转向利润核算,1784728800,2026-07-22 22:00,已发布,文章,1226,1991,25,0,0,0.012556504269211451,68.3225806451613,0,0,0,0,0,0,0,0.02,0.02,0,0,0,https://www.toutiao.com/item/7665246616202265123/?enter_from=click_creation_center&category_name=creation_center&gd_ext_json=%7B%22enter_from%22%3A%22click_creation_center%22%2C%22category_name%22%3A%22creation_center%22%7D
toutiao_mp_content_api,2026-08-08T17:40:15.980Z,24,7665243979377689123,国家消费规划明确支持地域餐饮品牌和美食产业集群！,1784725200,2026-07-22 21:00,已发布,文章,1113,469,1,0,0,0.0021321961620469083,0,10,0,0,0,0,0,0,0,0,0,0,0,https://www.toutiao.com/item/7665243979377689123/?enter_from=click_creation_center&category_name=creation_center&gd_ext_json=%7B%22enter_from%22%3A%22click_creation_center%22%2C%22category_name%22%3A%22creation_center%22%7D
toutiao_mp_content_api,2026-08-08T17:40:15.980Z,25,7665240612924375567,第一批电车电池8年质保潮来临！,1784721600,2026-07-22 20:00,已发布,文章,720,563,3,0,0,0.0053285968028419185,0,13,0,0,0,0,0,0,0,0,0,0,0,https://www.toutiao.com/item/7665240612924375567/?enter_from=click_creation_center&category_name=creation_center&gd_ext_json=%7B%22enter_from%22%3A%22click_creation_center%22%2C%22category_name%22%3A%22creation_center%22%7D
toutiao_mp_content_api,2026-08-08T17:40:15.980Z,26,7665239147438801423,2026年财富中国500强出炉Q！,1784718000,2026-07-22 19:00,已发布,文章,619,453,2,0,0,0.004415011037527594,0,20,0,0,0,0,0,0,0,0,0,0,0,https://www.toutiao.com/item/7665239147438801423/?enter_from=click_creation_center&category_name=creation_center&gd_ext_json=%7B%22enter_from%22%3A%22click_creation_center%22%2C%22category_name%22%3A%22creation_center%22%7D
toutiao_mp_content_api,2026-08-08T17:40:15.980Z,27,7665235558906266112,女子临近退休差点多等11年领养老金！,1784714400,2026-07-22 18:00,已发布,文章,885,386,0,0,0,0,0,0,0,0,0,0,0,0,0,0,0,0,0,https://www.toutiao.com/item/7665235558906266112/?enter_from=click_creation_center&category_name=creation_center&gd_ext_json=%7B%22enter_from%22%3A%22click_creation_center%22%2C%22category_name%22%3A%22creation_center%22%7D
toutiao_mp_content_api,2026-08-08T17:40:15.980Z,28,7665232523324064296,老人赠房56岁女友被叫停！,1784710800,2026-07-22 17:00,已发布,文章,763,340,0,0,0,0,0,0,0,0,0,0,0,0,0,0,0,0,0,https://www.toutiao.com/item/7665232523324064296/?enter_from=click_creation_center&category_name=creation_center&gd_ext_json=%7B%22enter_from%22%3A%22click_creation_center%22%2C%22category_name%22%3A%22creation_center%22%7D
toutiao_mp_content_api,2026-08-08T17:40:15.980Z,29,7665228349236642338,"酒店低价早餐券灰产:用差评换霸王餐,有商家卖出3万张获利数十万",1784703600,2026-07-22 15:00,已发布,文章,1074,8932,2,0,0,0.0002239140170174653,0,63,0,0,0,0,0,0,0.01,0.01,0,0,0,https://www.toutiao.com/item/7665228349236642338/?enter_from=click_creation_center&category_name=creation_center&gd_ext_json=%7B%22enter_from%22%3A%22click_creation_center%22%2C%22category_name%22%3A%22creation_center%22%7D
toutiao_mp_content_api,2026-08-08T17:40:15.980Z,30,7665225595810267648,"女子买二手房吊顶流出血水,原房东疑因卖亏了在房中藏死鸡报复",1784699664,2026-07-22 13:54,已发布,文章,863,418,4,0,0,0.009569377990430622,32.25,51,0,0,3,0,0,0,0,0,0,0,0,https://www.toutiao.com/item/7665225595810267648/?enter_from=click_creation_center&category_name=creation_center&gd_ext_json=%7B%22enter_from%22%3A%22click_creation_center%22%2C%22category_name%22%3A%22creation_center%22%7D
toutiao_mp_content_api,2026-08-08T17:40:15.980Z,31,7665028458392699427,英国首相伯纳姆首秀：将启动40年来最大改革,1784682000,2026-07-22 09:00,已发布,文章,605,641,14,0,0,0.0218408736349454,0,39,0,0,0,0,0,0,0,0,0,0,0,https://www.toutiao.com/item/7665028458392699427/?enter_from=click_creation_center&category_name=creation_center&gd_ext_json=%7B%22enter_from%22%3A%22click_creation_center%22%2C%22category_name%22%3A%22creation_center%22%7D
toutiao_mp_content_api,2026-08-08T17:40:15.980Z,32,7665027189595472418,美国对加拿大产品加征50%关税！,1784678400,2026-07-22 08:00,已发布,文章,1072,332,1,0,0,0.0030120481927710845,0,38,0,0,0,0,0,0,0,0,0,0,0,https://www.toutiao.com/item/7665027189595472418/?enter_from=click_creation_center&category_name=creation_center&gd_ext_json=%7B%22enter_from%22%3A%22click_creation_center%22%2C%22category_name%22%3A%22creation_center%22%7D
toutiao_mp_content_api,2026-08-08T17:40:15.980Z,33,7665026244437721615,美股高开低走 芯片股反弹！,1784674800,2026-07-22 07:00,已发布,文章,539,264,0,0,0,0,0,0,0,0,0,0,0,0,0,0,0,0,0,https://www.toutiao.com/item/7665026244437721615/?enter_from=click_creation_center&category_name=creation_center&gd_ext_json=%7B%22enter_from%22%3A%22click_creation_center%22%2C%22category_name%22%3A%22creation_center%22%7D
toutiao_mp_content_api,2026-08-08T17:40:15.980Z,34,7665025015687037492,世界杯日均消耗15.84万亿Token！,1784671200,2026-07-22 06:00,已发布,文章,563,246,0,0,0,0,0,0,0,0,0,0,0,0,0,0,0,0,0,https://www.toutiao.com/item/7665025015687037492/?enter_from=click_creation_center&category_name=creation_center&gd_ext_json=%7B%22enter_from%22%3A%22click_creation_center%22%2C%22category_name%22%3A%22creation_center%22%7D
toutiao_mp_content_api,2026-08-08T17:40:15.980Z,35,7665023722893345332,美国拟限制中国开源AI模型！,1784656800,2026-07-22 02:00,已发布,文章,617,789,21,0,0,0.026615969581749048,9.333333333333334,45,0,0,0,0,0,0,0,0,0,0,0,https://www.toutiao.com/item/7665023722893345332/?enter_from=click_creation_center&category_name=creation_center&gd_ext_json=%7B%22enter_from%22%3A%22click_creation_center%22%2C%22category_name%22%3A%22creation_center%22%7D
toutiao_mp_content_api,2026-08-08T17:40:15.980Z,36,7664978427212038690,71岁奶奶救人被认定见义勇为！,1784653200,2026-07-22 01:00,已发布,文章,669,288,2,0,0,0.006944444444444444,100,80,0,0,0,0,0,0,0,0,0,0,0,https://www.toutiao.com/item/7664978427212038690/?enter_from=click_creation_center&category_name=creation_center&gd_ext_json=%7B%22enter_from%22%3A%22click_creation_center%22%2C%22category_name%22%3A%22creation_center%22%7D
toutiao_mp_content_api,2026-08-08T17:40:15.980Z,37,7664976987963458082,SpaceX首份财报将至，真正要接受检验的是这门生意,1784649600,2026-07-22 00:00,已发布,文章,1660,466,14,0,0,0.030042918454935622,58.166666666666664,33,0,0,0,0,0,0,0,0,0,0,0,https://www.toutiao.com/item/7664976987963458082/?enter_from=click_creation_center&category_name=creation_center&gd_ext_json=%7B%22enter_from%22%3A%22click_creation_center%22%2C%22category_name%22%3A%22creation_center%22%7D
toutiao_mp_content_api,2026-08-08T17:40:15.980Z,38,7664973953823162932,月租4600元的酒店，为什么开始有人住？,1784646000,2026-07-21 23:00,已发布,文章,1048,312,1,0,0,0.003205128205128205,0,21,0,0,0,0,0,0,0,0,0,0,0,https://www.toutiao.com/item/7664973953823162932/?enter_from=click_creation_center&category_name=creation_center&gd_ext_json=%7B%22enter_from%22%3A%22click_creation_center%22%2C%22category_name%22%3A%22creation_center%22%7D
toutiao_mp_content_api,2026-08-08T17:40:15.980Z,39,7664970247287489039,卖一辆10万元的新车只赚1500元，这笔账到底怎么算？,1784642400,2026-07-21 22:00,已发布,文章,1380,357,6,0,0,0.01680672268907563,0,44,0,1,0,0,1,0,0,0,0,0,0,https://www.toutiao.com/item/7664970247287489039/?enter_from=click_creation_center&category_name=creation_center&gd_ext_json=%7B%22enter_from%22%3A%22click_creation_center%22%2C%22category_name%22%3A%22creation_center%22%7D
toutiao_mp_content_api,2026-08-08T17:40:15.980Z,40,7664967246195851811,赣锋锂业等成立能源科技公司，普通人该看懂什么信号？,1784639478,2026-07-21 21:11,已发布,文章,2003,4270,269,0,0,0.06299765807962529,11.302222222222222,45,0,0,0,0,1,0,0.09,0.05,0,0,0,https://www.toutiao.com/item/7664967246195851811/?enter_from=click_creation_center&category_name=creation_center&gd_ext_json=%7B%22enter_from%22%3A%22click_creation_center%22%2C%22category_name%22%3A%22creation_center%22%7D
toutiao_mp_content_api,2026-08-08T17:40:15.980Z,41,7664852815495365171,菲方围顶冲撞中方巡逻艇视频曝光！,1784612818,2026-07-21 13:46,已发布,文章,2036,414,6,0,0,0.014492753623188406,70.22222222222223,24,0,0,0,0,0,0,0,0,0,0,0,https://www.toutiao.com/item/7664852815495365171/?enter_from=click_creation_center&category_name=creation_center&gd_ext_json=%7B%22enter_from%22%3A%22click_creation_center%22%2C%22category_name%22%3A%22creation_center%22%7D
toutiao_mp_content_api,2026-08-08T17:40:15.980Z,42,7664673924667556402,一年超8万家面包店关停：为什么每天都有人买还是有人撑不下去？,1784571155,2026-07-21 02:12,已发布,文章,1128,1963,4,0,0,0.0020376974019358125,29.2,4,0,0,0,0,0,0,0,0,0,0,0,https://www.toutiao.com/item/7664673924667556402/?enter_from=click_creation_center&category_name=creation_center&gd_ext_json=%7B%22enter_from%22%3A%22click_creation_center%22%2C%22category_name%22%3A%22creation_center%22%7D
toutiao_mp_content_api,2026-08-08T17:40:15.980Z,43,7664155354682393115,两类服务业增长超10%，小老板该重新理解轻资产！,1784450277,2026-07-19 16:37,已发布,文章,1552,420,0,0,0,0,0,0,0,0,0,0,1,0,0,0,0,0,0,https://www.toutiao.com/item/7664155354682393115/?enter_from=click_creation_center&category_name=creation_center&gd_ext_json=%7B%22enter_from%22%3A%22click_creation_center%22%2C%22category_name%22%3A%22creation_center%22%7D
toutiao_mp_content_api,2026-08-08T17:40:15.980Z,44,7664135733241790985,服务消费增长5.3%，为什么只卖商品越来越难赚钱？,1784445932,2026-07-19 15:25,已发布,文章,1622,458,3,0,0,0.006550218340611353,0,157,0,0,0,0,1,0,0,0,0,0,0,https://www.toutiao.com/item/7664135733241790985/?enter_from=click_creation_center&category_name=creation_center&gd_ext_json=%7B%22enter_from%22%3A%22click_creation_center%22%2C%22category_name%22%3A%22creation_center%22%7D
toutiao_mp_content_api,2026-08-08T17:40:15.980Z,45,7663199715470672422,创业失败以后，还是愿意继续找老师、找陪跑、找圈子？,1784250000,2026-07-17 09:00,已发布,文章,327,403,2,0,0,0.004962779156327543,0,1,0,0,0,0,2,0,0,0,0,0,0,https://www.toutiao.com/item/7663199715470672422/?enter_from=click_creation_center&category_name=creation_center&gd_ext_json=%7B%22enter_from%22%3A%22click_creation_center%22%2C%22category_name%22%3A%22creation_center%22%7D
toutiao_mp_content_api,2026-08-08T17:40:15.980Z,46,7663153397356315146,为什么很多老板越来越忙，公司却越来越赚不到钱？,1784217342,2026-07-16 23:55,已发布,文章,744,516,8,0,0,0.015503875968992248,8.136363636363637,20,0,1,0,0,0,0,0,0,0,0,0,https://www.toutiao.com/item/7663153397356315146/?enter_from=click_creation_center&category_name=creation_center&gd_ext_json=%7B%22enter_from%22%3A%22click_creation_center%22%2C%22category_name%22%3A%22creation_center%22%7D
