toutiao_group_id,title,body
7666993006314029614,TikTok允许用户降低AI内容比例，真正变化的是流量由谁决定！,"AI内容越来越多之后，平台遇到的第一个问题，是怎么识别。

但现在，TikTok正在面对第二个问题：

识别出来之后，用户到底愿不愿意看？

根据数据库中的写作输入，TikTok正在测试让用户主动降低推荐流中AI生成内容的比例。同时，平台通过创作者标注、检测模型、C2PA元数据和隐形水印识别AI内容，并已经为超过13亿条视频添加相关标签。

这说明平台治理逻辑正在发生变化。

过去主要解决的是：

这条内容是不是AI生成的？
有没有违规？
要不要标注？

现在进一步变成：

即使它合规，用户愿不愿意继续看？

这两个问题看起来很像，背后的流量规则却完全不同。

一、以前是平台替你判断，现在用户可以自己选择

过去，用户刷到什么内容，主要由推荐算法决定。

你看得久一点、点过赞、留过评论，系统就会继续推送相似内容。

但AI内容有一个特殊问题。

它生产得太快了。

一个真人创作者一天可能做一两条内容，一个机器化账号却可以批量生成几十条，甚至更多。

只要其中一部分数据不错，平台的推荐系统就可能不断放大这类内容。

结果是，用户未必主动选择了AI内容，却会发现自己的信息流里，机器配音、模板画面和相似文案越来越多。

允许用户主动降低AI内容比例，相当于在算法推荐之外，加了一道人工选择。

用户不再只能通过“不点赞”“划走”来表达不喜欢，而是可以更直接地告诉平台：

我不想看到这么多AI内容。

二、这不是封杀AI，而是在重新分配推荐空间

这项变化不能被理解成“TikTok要全面封杀AI内容”。

数据库明确要求守住这个事实边界：

平台测试的是用户控制AI内容比例，不是宣布所有AI内容违规，也不是确认所有使用AI的账号都会被限流。

真正发生变化的是：

AI内容即使通过了合规审核，也不再自动等于用户愿意观看。

过去，一条内容只要没有违规，并且点击率、停留时间和互动数据不错，就可能继续获得推荐。

现在多了一个变量：

用户对AI内容本身的接受程度。

当一部分用户主动降低AI内容比例，这部分流量就可能被重新分配给其他内容。

可能是真人拍摄的视频，也可能是具有真实经历、具体事实和独特表达的内容。

因此，被挤压的未必是所有AI辅助内容，首先受到影响的，更可能是那些高度模板化、批量化、机器感明显的账号。

三、普通用户得到的，不只是少看几条AI视频

很多人会觉得，这不过是一个内容偏好设置。

但它真正影响的是用户的信息环境。

当平台中大量内容由机器批量生成时，用户面对的不只是审美疲劳，还有判断成本。

同一个观点可能被几十个账号重复讲述。

同一条消息可能被换标题、换配音、换背景后反复传播。

用户看到的信息数量增加了，但真正的信息增量并没有增加。

甚至可能出现一种情况：

你以为很多人都在讨论一件事，实际上只是同一套内容被大量复制。

所以，允许用户降低AI内容比例，本质上是在降低普通人的筛选成本。

少一点重复内容，意味着用户不必花那么多时间判断：

这是真人经验还是机器拼接；

这是新信息还是旧内容改写；

这个账号有真实判断，还是只是在批量追热点。

用户得到的，不只是更干净的信息流，也是在重新拿回一部分注意力控制权。

四、对创作者来说，真正危险的不是用了AI

很多创作者最担心的问题是：

以后还能不能用AI写稿、配音、剪辑？

从目前数据库给出的事实边界看，答案不是“不能”。

问题不在于有没有使用AI，而在于使用AI之后，内容还剩下多少真实价值。

以后创作者需要更加重视三件事。

第一，
真人经验密度
。

你是否真正做过、见过、处理过这件事？

内容中有没有具体场景、过程和细节？

第二，
原创事实增量
。

这条内容除了重新组织公开资料，还增加了什么新的信息或解释？

第三，
人格绑定度
。

同样一篇内容，换成任何账号发布都没有区别，还是只有你能讲出这个角度？

AI可以提高表达效率，但不能自动生成真实经历。

它可以帮你整理逻辑，却不能替你承担判断。

因此，未来更稳妥的内容模式，不是完全拒绝AI，而是：

真人提供事实、经验和判断，AI负责提高整理与制作效率。

五、机器化账号为什么可能失去推荐空间？

机器化账号最大的优势是便宜和快。

但它最大的弱点也是便宜和快。

当所有人使用相似工具、相似模型和相似提示词时，内容差异会迅速下降。

标题结构相似，表达方式相似，案例也相似。

平台可以通过技术识别AI内容，用户也能通过观看体验感受到机器感。

一旦用户拥有降低AI内容比例的选择权，这类账号会面对双重压力：

第一道是平台识别和标注。

第二道是用户主动减少观看。

以前，只要内容没有明显违规，就可能继续争夺推荐。

以后，它还需要证明：

即使用户知道这是AI内容，仍然愿意看。

这才是更高的门槛。

六、最后谁会受益，谁会付出成本？

普通用户可能受益。

他们能减少不想看的AI内容，降低筛选和判断成本。

拥有真实经验和稳定表达的创作者，也可能受益。

因为当批量模板内容减少后，原创事实和人格化表达会变得更稀缺。

平台同样可能受益。

用户对信息流拥有更多控制权，可能减少因AI内容泛滥造成的反感和流失。

付出成本的，则可能是依赖低成本、大批量和高度同质化内容获取流量的账号。

因为过去他们比的是谁生产得更多。

以后还要回答一个问题：

用户为什么愿意继续看你？

AI降低了内容生产成本，但没有取消内容价值的门槛。

当用户开始控制AI推荐比例后，真正稀缺的可能不再是内容数量，而是可信的事实、真实的经验和不可替代的表达。"
7666992183194468910,TikTok开始识别AI批量垃圾账号，真正被淘汰的可能不是AI,"AI刚普及时，很多内容创作者看到的是机会。

过去写一篇稿子、剪一条视频，可能需要几个小时。现在用AI生成文案、配音、图片和视频，十几分钟就能做完。

生产成本下降了，内容数量自然会快速增加。

但问题也随之出现。

当越来越多账号使用相同模型、相似提示词和同一套模板批量生产内容，平台上就会出现大量看起来不同、实际几乎一样的作品。

标题差不多，结构差不多，观点差不多，甚至连停顿、语气和画面节奏都差不多。

用户刷了十条，看起来像看了同一条。

这就是TikTok这次治理变化值得关注的地方。

平台治理的重点，正在从“这一条内容有没有问题”，转向“这个账号是不是在工业化制造低价值内容”。

一、平台为什么开始盯账号，而不只是盯单条内容？

单独看一条AI内容，可能没有明显问题。

事实没有错误，画面没有违规，语言也比较通顺。

但一个账号如果每天批量发布几十条相似内容，单条都不一定违规，整体却可能严重降低用户体验。

因此，平台仅靠审核单条内容，很难识别这种生产方式。

从账号维度判断，就可以看到更多信号：

内容模板是否高度重复；

不同作品之间是否只有少量词语替换；

是否缺少真实经验和具体事实；

是否长期批量发布低差异内容。

平台真正要处理的，不一定是AI工具本身，而是利用AI大规模制造低价值内容的账号。

这两件事不能混为一谈。

二、这会怎样影响普通内容创作者？

最直接的变化，是过去依靠“数量优势”的玩法，风险会越来越高。

以前一个账号一天发布二三十条内容，只要偶尔有一条跑出来，整体就可能有收益。

但当平台开始识别账号的生产模式，数量不再天然代表优势。

一个账号发布得越多，如果内容之间高度相似，反而越容易留下明显的模板化特征。

这意味着，AI虽然降低了内容生产成本，但平台正在提高另一种成本：

原创事实成本、真人经验成本和内容差异化成本。

以后真正值钱的，可能不是谁一分钟能生成十篇文章，而是谁能够提供AI无法凭空制造的东西。

例如：

真实做过某件事后的经验；

具体事件中的细节和判断；

对一个问题长期观察形成的观点；

明确、稳定、可识别的个人表达。

AI可以帮助整理这些内容，但不能代替这些内容本身。

三、普通用户会有什么变化？

对于普通用户来说，这类治理如果有效，最明显的变化可能是信息流里的重复内容减少。

现在很多人刷短视频时都有一种感觉：

明明关注了不同账号，听到的却是同一套话。

一条内容爆了，很快就会出现几十个类似版本。

有人换一个标题，有人换一套画面，有人换一种配音，但内容核心基本没有变化。

这种批量复制并不一定能给用户提供新的信息，却会占据大量推荐位置。

平台开始从账号维度治理，本质上是在重新分配推荐资源：

是继续把流量交给生产数量最多的账号，还是交给能提供更多真实信息和独特价值的账号？

这不只是技术问题，也是平台生态里的利益分配问题。

四、创作者最需要关注的四个指标

按照这次治理逻辑，创作者今后至少要关注四件事。

第一，
原创事实增量
。

一篇内容到底提供了什么新事实、新案例或新解释，而不是把公开信息重新排列一次。

第二，
真人经验密度
。

内容里是否有真实经历、具体场景、实际判断和细节。

第三，
人格绑定度
。

这篇内容换一个账号发布，是否依然完全成立？

如果任何账号都能一字不改地发布，说明内容和创作者之间缺少绑定。

第四，
模板相似度
。

同一个账号的不同作品，是不是只替换了标题和几个名词，其他结构全部相同？

模板不是不能用。

问题在于，模板只能降低表达成本，不能代替内容价值。

五、AI内容还能不能做？

当然能做。

这次变化不能简单理解成“平台不允许使用AI”。

目前更准确的理解是：

平台反对的不是工具，而是利用工具批量制造低价值内容。

创作者可以用AI整理资料、优化表达、检查逻辑、制作图片，也可以提高剪辑和生产效率。

但最终内容必须回答一个问题：

这篇作品除了生成得更快，还给用户增加了什么？

如果答案只是“又多了一条”，那么生产效率越高，账号风险可能反而越大。

真正安全的方向，不是隐藏AI痕迹，而是增加真实价值。

未来平台可能越来越容易识别模板，却很难淘汰真正有经历、有判断、有事实增量的人。

你觉得平台治理AI批量垃圾账号后，受益最大的是普通用户、原创创作者，还是平台自己？"
7666989719011590707,能源成本上涨，但企业不敢向消费者提价？,"能源成本上涨，企业为什么不直接涨价？

这件事听起来很奇怪。

原材料贵了。

运输贵了。

经营成本也高了。

企业最自然的反应，应该是把商品价格往上调。

但欧洲央行对76家大型企业的调查显示，油价冲击确实推高了运输和石化等成本，可由于消费者对价格越来越敏感，很多企业很难同步提价，约40%的受访企业利润率因此受到压缩。

真正麻烦的地方就在这里：

成本已经涨了，但消费者不愿意继续买单。

第一，企业不是不想涨，而是不敢涨

一件商品原来卖10元。

成本增加以后，企业当然希望卖到11元或者12元。

可问题是，消费者未必接受。

现在很多人买东西，第一反应已经不是：

这个品牌好不好？

而是：

有没有更便宜的？

同样一类商品，只要价格差距明显，消费者很可能马上换品牌。

企业涨价以后，失去的可能不只是这一单利润。

还有销量、市场份额和长期顾客。

所以很多企业只能硬扛。

成本上涨了，价格先不动。

最后被压缩的，就是企业自己的利润。

第二，消费者正在从品牌商品转向更便宜的替代品

食品零售商观察到一个明显变化：

消费者正在进一步从品牌商品转向自有品牌。

说得简单一点：

过去愿意为熟悉品牌多花一点钱的人，现在开始更看重价格。

只要功能差不多、质量能接受，越来越多人愿意选择更便宜的替代品。

这说明一个现实：

企业拥有品牌，不等于拥有无限提价权。

消费者手里宽裕的时候，品牌可能代表品质、信任和习惯。

消费者开始控制支出以后，品牌就要回答一个更直接的问题：

你为什么值得更贵？

如果回答不出来，顾客就会离开。

第三，企业不涨价，普通人也不会完全不受影响

有些人会觉得：

既然企业不敢涨价，那消费者不是占便宜了吗？

未必。

成本无法通过价格全部转出去，企业就会从其他地方找空间。

例如：

减少促销。

缩小产品规格。

压缩服务。

减少员工。

延缓扩张。

控制采购质量。

这些变化未必会直接写在价格标签上。

但最后仍然可能影响普通人的消费体验、工作机会和服务质量。

所以，能源成本上涨并不是只有加油贵一点那么简单。

它会沿着运输、生产、零售和服务，一层一层传导。

只是最后的表现，不一定全部是“直接涨价”。

第四，最危险的环境，是成本涨、销量弱、价格还不能动

企业经营最怕三件事同时出现：

成本上涨。

消费者减少支出。

企业又没有提价能力。

这时候，企业每卖出一件商品，利润都可能比以前更薄。

销量如果再下降，压力就会更大。

对小商家来说，这种环境尤其危险。

大企业还能靠规模、供应链和资金承受一段时间。

小企业的利润本来就不厚。

采购价稍微上涨，顾客再对价格特别敏感，老板就会陷入两难：

涨价，怕顾客走。

不涨，自己越来越难赚。

第五，普通人以后会越来越看重“值不值”

能源成本上涨以后，消费者并不会停止所有消费。

但会变得更挑剔。

不是单纯追求最低价。

而是更关注：

这个产品是不是刚需。

能不能用得更久。

有没有更便宜的替代品。

品牌溢价到底值不值。

这意味着，未来最难卖的，不一定是最贵的商品。

而是那些价格不低、差异又不明显的商品。

消费者愿意为真正有价值的东西付钱。

但不愿意再为模糊的品牌感、包装感和习惯多付钱。

最后想说

能源成本上涨，看上去是企业的问题。

实际上，它反映的是整个消费环境正在变化。

企业不是简单地把成本加到价格里，就能把问题解决。

因为消费者已经开始用脚投票。

价格一高，就换品牌。

感觉不值，就减少购买。

所以，真正危险的不是一次能源涨价。

而是企业发现：

成本还在上涨，消费者却越来越不愿意为涨价买单。

当企业没有提价权时，利润、就业、服务和产品质量，都可能成为下一步被压缩的地方。

你买日用品时，会继续选择熟悉的大品牌，还是价格合适就换成更便宜的自有品牌？你觉得成本上涨以后，最后主要由企业承担，还是迟早仍会转到消费者身上？"
7666987528389444147,KFC和必胜客靠折扣恢复增长，但低价不能直接复制！,"最近几年，很多人都有一个感觉。

以前觉得肯德基、必胜客有点贵。

现在优惠越来越多，几十块钱就能吃一顿。

不少消费者觉得：

终于便宜了。

可很多餐饮老板看到的，却是另一件事。

为什么他们降价能恢复增长，我降价却越来越难赚钱？

很多人把原因归结为品牌。

其实，真正的差距不只是品牌。

第一，别人降的是价格，你降的是利润

很多小餐馆做活动，最常见的方法就是：

满减。

打折。

套餐便宜一点。

希望靠低价把客人吸引进来。

结果客人来了。

营业额涨了。

月底一算账，却发现钱没多。

原因很简单。

你降掉的，就是自己的利润。

但KFC、必胜客未必一样。

对于大品牌来说。

一个汉堡便宜几块钱。

可能后面还能卖薯条、饮料、甜品。

消费者点一份套餐。

利润不一定比原来低很多。

甚至因为客流增加，总利润反而提高。

这就是规模优势。

小店没有。

第二，大品牌卖的是系统，小店卖的是今天

很多老板觉得：

今天客人少。

那今天就降价。

客人来了。

明天恢复原价。

现实通常不是这样。

消费者很快就会形成一种心理。

等等吧。

过两天可能又打折。

于是。

活动结束。

客人也跟着没了。

可大品牌不同。

它们做活动。

往往是整套经营计划的一部分。

什么时候优惠。

优惠哪些产品。

什么时候恢复价格。

都有完整安排。

不是今天没人就降。

明天有人就涨。

所以。

很多老板看到的是：

同样降价。

结果完全不同。

第三，现在消费者真正缺的，不是优惠券

很多人觉得：

现在消费不好。

只要再便宜一点。

顾客就来了。

其实未必。

现在很多消费者不是不知道哪里便宜。

而是不敢花。

房贷。

车贷。

教育。

医疗。

收入压力。

这些才是真正影响消费的原因。

如果一个人已经开始控制支出。

今天便宜10元。

明天便宜20元。

他可能还是不会消费。

因为他真正担心的是：

这个月的钱够不够。

所以。

不是优惠没有用。

而是优惠解决不了所有问题。

第四，小餐馆真正应该学的，不是降价

很多老板一直在研究：

别人今天卖多少钱。

别人今天做什么活动。

却很少问自己一个问题。

顾客为什么愿意第二次来？

真正赚钱的店。

不一定最便宜。

但一定让顾客觉得：

这钱花得值。

菜品稳定。

服务稳定。

环境稳定。

出餐稳定。

顾客才会回来。

如果每一次生意。

都要靠更大的优惠。

那说明顾客留下来的理由。

只有价格。

价格总有一天会降不动。

最后想说

KFC、必胜客恢复增长。

很多人看到的是：

优惠越来越多。

真正应该看到的是：

大品牌可以把折扣变成获客工具。

而很多小店。

却把折扣变成了利润流失。

同样都是降价。

有人越卖越赚钱。

有人越卖越累。

差的从来不是那几块钱。

而是：

有没有能力在降价以后，继续把利润赚回来。"
7666985905302946342,消费贷款违约创新高，低收入用户正在主动缩减需求！,"消费贷款违约升至历史高位。

这条消息最容易引发一种判断：

是不是现在的人太爱借钱、太喜欢提前消费？

可事情未必这么简单。

真正危险的信号，不是大家借得更多了，而是一些人已经没有能力按原来的节奏还钱。

Reuters调查显示，部分低收入借款人正受到就业、收入和房地产压力影响，陷入债务滚动。

说得直白一点：

不是借一笔钱买个手机，然后按月慢慢还。

而是旧账快到期了，只能再找一笔钱补上。

今天补这个窟窿，明天又出现新的窟窿。

很多人不是不想还，而是现金流断了

普通人借钱，最怕的不是利息高一点。

最怕的是：

原来稳定的收入，突然不稳定了。

过去每个月有固定工资，月供看起来还能承受。

后来公司裁员、降薪、订单减少，或者家里突然增加一笔医疗、教育、房租支出，原本能覆盖的还款，就开始变得吃力。

债务不会因为收入下降而暂停。

账单还是按时来。

这时候，一个人最容易做的动作，不是立刻停止借钱，而是先借一笔把眼前的账单顶过去。

因为他总觉得：

下个月情况可能会好一点。

可如果收入一直没有恢复，借新还旧就会慢慢变成常态。

贷款越方便，不代表风险越小

消费贷最大的吸引力，是快。

申请简单、到账迅速、看起来每月只还一点。

很多人真正做决定时，不会先算总成本，而是先看：

这个月我要还多少？

只要月供看起来不高，就容易觉得自己承担得起。

但一笔不高，两笔不高，三四笔叠加以后，问题就出现了。

每一笔单独看都不吓人。

加在一起，可能已经吃掉大部分可支配收入。

更麻烦的是，当借款人收入下降时，原来能承受的月供也会突然变得沉重。

所以消费贷款的风险，不一定出现在借款当天。

它往往出现在几个月以后：

收入没有增长，债务却一笔一笔叠了起来。

普通人开始缩减的，往往不是享受，而是正常需求

当债务压力上升时，人们首先会做什么？

不是研究怎么多消费。

而是开始砍支出。

少聚餐，少旅游，延迟换手机，不买非必需品，连一些原本正常的消费也会一再推迟。

这也是为什么，消费贷违约上升不只是银行和借款人之间的问题。

它最终还会影响商家。

当中低收入消费者开始控制支出，最先受到影响的，往往是依赖中等客单价和冲动消费的生意。

餐馆套餐卖不动了。

服装和日用品更看重折扣了。

非刚需产品的决策周期变长了。

商家会觉得消费者越来越谨慎。

可消费者不是突然变理性了。

很多时候，是手里的钱已经不允许他继续冲动。

刺激消费，不能只靠让人更容易借钱

信贷可以把未来的钱提前拿到今天使用。

但它不能自动创造新的收入。

如果一个人的收入预期稳定，适度借贷可能帮助他平滑支出。

但如果他已经担心失业、降薪和房产缩水，再给他更多借款额度，并不会自动变成健康消费。

因为他真正缺的不是贷款入口。

而是稳定现金流和安全感。

这也是消费贷违约上升背后更值得关注的矛盾：

一边希望通过信贷刺激消费；

另一边，消费者却因为担心未来收入，主动减少需求。

一个人在担心明天还能不能挣钱时，很难因为今天多了一个贷款额度，就突然愿意放心消费。

对普通人来说，最危险的不是负债，而是不知道自己已经失控

负债本身不一定等于危险。

房贷、经营贷、合理分期，都可能有明确用途。

真正危险的是三种情况：

第一，用新贷款偿还旧贷款。

第二，已经记不清自己每个月一共要还多少钱。

第三，收入减少后，仍然依赖借款维持原来的生活水平。

一旦出现这些情况，问题就不再是“这笔贷款利率高不高”。

而是整个现金流已经开始失衡。

这时候最重要的，不是继续寻找额度，而是把所有债务摊开：

每月收入多少；

固定支出多少；

所有月供加起来多少；

哪些支出还能立即停止；

哪些债务最先到期。

账算清楚，问题才有可能被控制。

账都不敢看，只会让窟窿越来越大。

对商家来说，也不能再把增长押在冲动消费上

消费贷款违约创新高，对商家同样是一个信号。

过去一些生意依赖的是：

消费者先下单，付款以后再慢慢考虑。

但当债务压力增加，消费者会越来越看重价格、耐用性和必要性。

这意味着商家仅靠包装、促销和制造焦虑，可能越来越难持续。

真正还能被消费者接受的，是三种价值：

确实能省钱；

确实能提高效率；

确实能解决眼前问题。

当人们开始缩减需求时，最先被砍掉的，往往不是最贵的产品，而是那些“买不买都行”的产品。

所以，无论是普通人还是商家，都需要面对一个现实：

消费能否持续，最终取决于收入，而不是贷款额度。

借款可以把需求提前。

但如果未来收入没有跟上，被提前的需求，迟早会变成未来的收缩。

你觉得现在消费贷款违约增加，主要是部分人消费冲动，

还是收入和就业压力已经超过了承受能力？

当手头紧张时，你会先减少消费，还是先借钱周转？"
7666984421840568841,中国线上餐饮增长13.9%，餐饮入口继续向数字渠道迁移！,"网上餐饮销售增长13.9%，这看上去是一条利好消息。

可如果你认识做餐饮的朋友，大概率会听到另一种声音：

“订单有了，但利润没以前高了。”

为什么会出现这种反差？

很多人把原因归结为竞争太激烈，其实还有一个更大的变化被忽略了。

顾客没有消失，只是入口变了

以前，餐馆最重要的是位置。

开在商场门口、地铁口、学校旁边，自然就有人进店。

现在呢？

很多人决定去哪吃饭，不是站在街上选，而是先打开平台。

看评分、看图片、看套餐、看评论。

有的人甚至刷短视频看到一家店，才决定过去试试。

也就是说，顾客真正做决定的时候，已经不是站在你的门口，而是在手机屏幕前。

谁先出现在顾客手机里，谁就更容易拿到这单生意。

为什么营业额涨了，老板却没觉得轻松？

因为线上订单和利润，从来不是一回事。

为了拿到更多订单，不少门店都会参加活动。

优惠、满减、套餐、推广……

订单确实可能增加了。

但与此同时，门店承担的成本也增加了。

老板最容易被一个数字迷惑：

营业额。

营业额高，不代表赚得多。

真正应该看的，是：

这单生意做完，最后还能剩多少钱。

如果为了抢订单，一直靠低价、靠活动、靠推广，最后可能出现一种情况：

越来越忙，越来越累，却没有赚到更多钱。

很多门店真正输的，不是菜品

有些老板一直觉得：

只要味道好，顾客自然会来。

这句话以前成立。

现在已经不够了。

因为顾客在决定吃哪一家之前，首先看到的是：

这家店卖什么？

适合什么人？

价格大概多少？

值不值得点？

如果这些信息说不清，顾客可能连点进去看菜单都不会。

很多门店不是输给隔壁那家店。

而是在顾客选择之前，就已经失去了被选择的机会。

普通消费者也会受到影响

对于消费者来说，线上越来越方便。

但选择也越来越多。

平台推荐的不一定最适合自己；

价格最低的不一定最划算；

评价最高的，也未必最符合自己的需求。

所以现在点餐，除了看价格，还要看最近评价、套餐内容和实际体验。

这样才能避免花了钱，却没有达到预期。

真正该改变的，不只是线上接单

网上餐饮增长13.9%，说明的是消费方式正在变化。

对餐馆来说，真正要调整的，不只是开通外卖。

而是重新回答三个问题：

第一，顾客为什么会点开你？

第二，顾客为什么相信你？

第三，顾客为什么下次还会回来？

如果这三个问题没有答案，订单再多，也很难形成长期竞争力。

过去，餐馆拼的是位置。

现在，餐馆拼的是能不能先进入顾客的选择名单。

顾客没有消失。

只是找到你的方式，已经变了。"
7666344828266922534,24批次食品不合格，别等吃进嘴才知道,"很多人买食品，第一眼看的是价格，第二眼看的是品牌。

真正容易被忽略的，却是监管部门发布的抽检公告。

近日，山东公布食品安全监督抽检结果，共有24批次食品抽检不合格，涉及质量指标、食品添加剂、农兽药残留等问题，相关产品已按规定开展核查处置。

很多人看到这种新闻，第一反应都是：

“反正我又没买到。”

可真正的问题是，你怎么确定自己没买过？

食品不像手机、汽车，一买就是几年。

它每天都在买、每天都在吃。

今天买一包零食，明天买一瓶调料，后天再买点熟食。

真正的风险，不是一顿饭。

而是长期形成的消费习惯。

很多人觉得，超市卖的、包装完整的、有品牌的，就一定没问题。

其实食品抽检，本来就是监管发现问题的重要方式。

被抽检，不代表所有产品都有问题；

抽检不合格，也不意味着整个品牌所有商品都有问题。

但它提醒消费者一件事：

食品安全不是只靠厂家保证，也需要消费者关注公开信息。

很多家庭一年花几千甚至上万元买食品。

真正花五分钟看看抽检公告的人，却很少。

为什么？

因为食品安全有一个特点：

平时感觉不到。

等感觉到了，往往已经晚了。

还有一种心理也很常见。

有人觉得：

“就几十块钱，算了。”

可食品和衣服、电器不一样。

衣服买错了，最多不好看。

食品出了问题，付出的可能是身体健康。

所以，看到抽检新闻，不是为了制造焦虑。

而是提醒自己少踩坑。

普通人可以做好四件事。

第一，不要只认品牌。

品牌值得参考，但每一批产品都可能存在差异。

正规品牌也会主动召回问题产品，这恰恰说明监管在发挥作用。

第二，尽量选择正规渠道购买。

正规商超、官方旗舰店，比来源不明的小渠道更容易追溯，也更方便维权。

第三，保留购物小票或订单。

如果以后出现召回、退款或者质量问题，有购买记录会方便很多。

第四，偶尔看看官方抽检公告。

不用天天看。

但养成定期关注的习惯，比等朋友圈转发谣言更有价值。

很多人总觉得食品安全离自己很远。

其实真正离我们最近的，就是每天端上餐桌的那顿饭。

监管部门公布抽检结果，不是为了吓唬消费者。

而是让问题产品尽快退出市场，让更多人少踩一次坑。

食品安全最怕的，不是发现问题。

而是问题已经公开了，我们却从来没有关注过。

你平时买食品，更相信品牌，还是会留意官方抽检公告？"
7666343043691282982,亚马逊最高退51美元：自动续费该查了,"据报道，亚马逊Prime相关和解案的部分美国消费者，最高可以获得51美元退款；没有收到自动退款、但符合条件的用户，需要在申请窗口关闭前提交索赔。

先把边界说清楚：这次退款针对的是美国本土符合条件的Prime会员，不是中国用户都能申请。

但这件事真正值得普通人关注的，不是51美元，也不只是亚马逊。

而是一个大家越来越熟悉的消费套路：

开会员时只要点一下，退会员时却像在手机里走迷宫。

有些会员先给你免费试用，有些首月只收几块钱，还有些把自动续费写在一长串说明里。用户当时想的是：“先用用看，反正不贵。”

平台想的可能是：“没关系，等你忘了就行。”

一个月后，钱扣了。

两个月后，又扣了。

等你终于发现时，可能已经不是一杯奶茶的钱，而是好几个平台一起排队从账户里拿钱。

这次亚马逊Prime相关案件中，监管方面此前提出的问题，就包括用户可能在没有充分知情同意的情况下注册会员，以及取消订阅时面临障碍。

亚马逊没有承认违法，但同意设立消费者退款基金并支付民事罚款。

表面上看，这是国外一家公司的会员纠纷。

实际上，它揭开的却是订阅制生意最核心的一层逻辑：

平台赚的不只是会员费，还包括你的遗忘。

一次性收费，你付款时会认真想一遍。

自动续费不一样。第一次决定之后，后面的扣款不再需要你主动确认。

钱不是一次拿走的，而是一点一点流出去的。

每个月十几元、几十元，看着不疼。

可当视频、音乐、网盘、办公软件、电商会员、修图工具全都自动续费时，你会发现，自己不是开了几个会员，而是给手机养了一支收费队伍。

最麻烦的还不只是忘记。

有些会员的入口设计得特别讲究：

开通按钮又大又亮，取消入口藏得像平台祖传秘方；

续费提醒轻描淡写，优惠倒计时恨不得全屏闪烁；

买的时候一步完成，退的时候先让你选原因，再送优惠，再劝挽留，最后还要确认好几遍。

商业语言叫“提高用户留存”。

翻译成现实语言就是：

怕你想明白，所以尽量别让你顺利走。

当然，自动续费本身不是坏事。

对长期使用的用户来说，它确实省事，也避免服务突然中断。

问题不在自动续费，而在于平台有没有把三件事讲明白：

第一，试用什么时候结束；

第二，之后每次扣多少钱；

第三，用户能不能方便地取消。

只要这三件事藏着、绕着、拖着，所谓的便利就可能变成利用。

对普通人来说，与其等扣费以后再联系客服，不如现在就查一次手机。

第一，检查所有自动续费项目

不要只看App里的会员页面，还要去微信支付、支付宝、银行卡或者应用商店里检查签约扣款项目。

因为有些会员即使卸载了App，自动扣费协议也未必自动取消。

你以为软件删了，关系断了。

平台那边可能还觉得，你们感情挺稳定，下个月继续扣。

第二，开通试用当天就设置提醒

只要是“免费试用7天”“首月优惠”“前三个月特价”，开通后立刻在日历里设置提醒。

提醒时间不要设在扣费当天，最好提前两三天。

别高估自己的记忆力。

平台做订阅生意，赌的就是你忙、你忘、你嫌麻烦。

第三，保存价格和续费说明

开通会员时，把试用期限、续费价格、取消方式截个图。

很多争议并不是平台完全没有写，而是关键信息写得太小、太散，用户事后很难证明当时看到的页面是什么样。

截图不能保证一定退款，但至少能让你投诉时不是空口说一句：

“我记得当时好像不是这么写的。”

第四，不常用的会员别怕取消

很多人明明一个月只用一次，却舍不得取消。

原因通常不是会员多有价值，而是想着：

“万一下次要用呢？”

问题是，你为了一个不确定的“下次”，每个月都在支付确定的钱。

会员最容易制造一种错觉：

取消像是失去权益，续费才叫占便宜。

实际上，不使用的权益，无论原价多高、赠品多少，对你来说价值都接近零。

省钱不是找到更多优惠，而是停止给不需要的东西付款。

亚马逊Prime这次最高51美元退款，金额算不上惊人，但它提醒了普通消费者一个越来越重要的问题：

过去买东西，最大的风险是买贵了。

现在订阅服务越来越多，新的风险是：

你已经不用了，钱却还在继续付。

平台可以提供方便，也可以通过会员制获得稳定收入。

但用户的知情权、选择权和退出权，不该变成藏在页面深处的小游戏。

开通会员可以一秒完成，取消会员至少也应该让人看得见、找得到、退得掉。

今晚有空，最好把微信、支付宝、银行卡和手机应用商店里的自动续费都查一遍。

别等平台通知你。

它通常只负责提醒你优惠快结束，不太负责提醒你钱还在继续扣。

你遇到过开会员很容易，取消会员却绕半天的情况吗？"
7666341207500522022,携程被罚没51.79亿元：你订酒店时看到的“最低价”到底谁说了算,"携程被罚没51.79亿元，还被要求退还酒店经营者1.22亿元订单储备金。

很多人第一反应可能是：这么大的公司被罚，

跟我一个普通消费者有什么关系？

关系就在你每次打开手机订酒店时，看到的那个“全网最低价”。

根据市场监管总局通报，携程从2020年以来实施了两类垄断行为：

一类是用流量和权益吸引部分酒店独家合作，不得再与其他平台合作；

另一类是要求部分酒店提供“全网最低价”，并通过比价系统、调价工具、限制流量、摘牌和扣除订单储备金等手段推动执行。

听起来挺专业，翻译成大白话就是：

酒店想获得平台流量，就可能要接受平台定下的合作条件；想在自己的渠道或者其他平台卖得更便宜，也可能受到限制。

消费者看到的是一个房间、一张价格表。

酒店经营者面对的，却可能是一套流量分配、价格约束和处罚机制。

这件事最容易让人误解的地方，是很多人会觉得：

平台要求“最低价”，不是在帮消费者省钱吗？

表面看确实像。

但问题是，真正的低价应该来自不同平台和酒店之间的竞争，而不是一家平台要求商家：“你在其他地方不能卖得比我便宜。”

如果酒店无法根据自己的成本、库存和渠道调整价格，其他平台也很难通过更低价格吸引用户，所谓的“全网最低价”，最后可能变成“大家都不能比它更低”。

这就像商场门口挂着一块牌子：

我这里保证最低价。

听着挺良心。

再仔细一问，原来不是它主动少赚，而是要求别人都不许卖得更便宜。

这两种最低价，完全不是一回事。

对普通人来说，真正需要警惕的也不是“以后还能不能使用大平台”。

成熟平台的便利、售后和服务体系，依然有现实价值。

但便利不等于不需要比较，平台展示的“优惠”也不等于整个市场的最低成本。

以后订酒店，至少可以多做三件事。

第一，同一家酒店同时看两三个平台，也看看酒店自己的官方渠道。

第二，不只比较房价，还要比较早餐、退改规则、房型、发票和会员权益。有时表面便宜几十元，退订时可能全搭进去。

第三，支付前保存价格页面、订单规则和付款截图。真遇到临时加价、无法退订或者房型不符，手里有记录，解决问题时才不至于只剩一句“我记得当时不是这么写的”。

携程这次被处罚，表面上处理的是平台与酒店之间的垄断行为。

往深了看，监管真正维护的是一件更基础的东西：

平台可以靠服务赚钱，但不能一边掌握流量入口，一边替整个市场规定谁能合作、谁能降价。

普通人需要的，也不只是一个醒目的“最低价”标签。

而是打开不同渠道以后，真的还有比较和选择的空间。

你订酒店时更相信大平台标注的“最低价”，还是会多看几个渠道再下单？"
7666019724131697198,8年质保到期后，电车车主才发现：最贵的可能不是买车,"第一批家用纯电动车陆续开到七八年，一些车主开始遇到真正的大账：

车还能开，但续航明显缩水；想继续开，可能要面对电池检测和维修；想换电池，又得先看看这辆旧车还值多少钱。

这不是唱衰新能源车，而是任何耐用品使用多年后都会遇到的问题——当核心部件老化，维修成本和整车残值开始正面碰撞。

根据目前的公开讨论，2017年至2019年前后上牌的部分纯电动车，正在陆续进入动力电池质保到期阶段。具体车型、电池价格、质保条件和二手估值差异很大，不能一概而论。

但车主面临的选择是真实的：

到底是换电池、换车，还是继续凑合开？

买电动车时，很多人最先算的是油电差价。

燃油车每个月加油多少钱，电动车充电多少钱，一年能省多少，几年能不能把差价省回来。

这笔账没错，但不完整。

汽车不是只看每天的使用成本，还要看整个生命周期里的大额支出。

对电动车来说，容易被忽略的至少有四笔账。

第一笔，是电池质保之外的维修风险。

电池质保并不等于只要续航下降，就一定可以免费更换。是否达到质保条件，通常还要看具体品牌政策、检测结果、车辆使用情况和故障原因。

所以车主真正需要确认的，不是“有没有八年质保”这几个字，而是：

质保覆盖什么，衰减达到什么程度才能处理，维修还是更换，检测由谁完成。

第二笔，是整车残值。

一辆车值多少钱，不取决于车主当年花了多少钱，而取决于现在市场愿意出多少钱。

车辆开了多年后，如果二手估值已经较低，车主就必须比较：

换电池的钱，是否接近甚至超过车辆当前价值？

花一笔较大的费用后，这辆车还能稳定使用几年？

如果明年还要维修其他部件，这笔投入是否划算？

第三笔，是续航需求变化。

电池出现衰减，并不一定意味着车辆完全不能使用。

一辆原本能满足长途需求的车，几年后也许只适合市区通勤。

对每天往返二三十公里的人来说，续航下降后可能仍然够用；但对经常跨城、跑高速或者依赖车辆工作的人来说，续航和补能效率下降，就可能直接影响时间和收入。

所以“还能不能开”和“还适不适合你开”，是两个问题。

第四笔，是换车成本。

有人看到换电池贵，第一反应是直接换车。

但换车也不是免费的。

新车折旧、保险、购置相关支出、贷款利息，以及旧车低价出售造成的损失，都要算进去。

换电池不能只和旧车价格比较，还要和换一辆车需要增加的总预算比较。

普通车主做决定时，可以先看四个指标。

一看电池健康状态。

不要只凭仪表盘显示的续航判断，应通过相对可靠的检测，了解电池健康、实际容量、故障情况和使用安全性。

二看剩余质保。

确认电池和整车质保分别到什么时候，当前问题是否在保障范围内，不要等准备维修时才翻合同。

三看车辆当前残值。

了解同年份、同配置、相近里程车辆的实际市场价格，不要拿当年的购车价安慰自己。

四看未来使用年限。

你还打算开一年、三年，还是五年？继续投入后，这辆车是否仍能满足家庭、通勤和工作需求？

准备购买二手电动车的人，更应该提前问清楚：

电池健康检测报告有没有；

质保还剩多久；

车辆是否发生过涉及电池包的事故；

当地维修和换电渠道是否方便；

同款车辆的电池维修报价大致处于什么范围。

二手电动车便宜，不代表使用成本一定低。便宜的车价背后，可能只是把未来的不确定性提前打了折。

新能源车的优势依然存在，尤其是在日常使用成本、驾驶体验和城市通勤方面。

但车主不能只算充电比加油省多少钱，还要看电池、残值和未来维修。

买车时只看眼前价格，几年后就容易面对一道突然出现的大题。

真正理性的做法不是盲目唱好，也不是一听换电池就唱衰，而是把账算完整：

车还值多少钱，我还要用多久，维修后能解决什么问题，换车又要多花多少钱。

如果一辆旧电动车换电池的费用接近车辆本身价值，你会选择换电池、换车，还是继续开？"
7666014650042974758,317万年终奖截图传出去后被辞退：职场人真正该怕的不是炫富,"一张317万元年终奖截图，最后变成了辞退和“永不录用”。

这件事真正值得职场人警惕的，不是别人一年赚了多少钱，

而是你以为随手转发的一张截图，可能正好踩在公司的信息安全红线上。

根据目前流传的信息，腾讯内部通报称，一名项目负责人将涉及公司敏感信息的内容发送给外部人员，随后被公司辞退。事件中的具体细节，仍需以公司正式回应或权威报道为准。

但它已经提出了一个很多上班族都会遇到的问题：

自己的工资和奖金，到底是不是完全属于个人隐私？

从个人角度看，工资是自己劳动所得，愿不愿意告诉别人，似乎是自己的事。

可从公司的角度看，一张薪资截图里，可能不只有一个数字。

它还可能包含员工姓名、部门、岗位、绩效等级、奖金计算方式、内部系统页面，甚至反映公司某个项目的成本和分配规则。

你发出去的是一张图，公司看到的却可能是一整套内部信息。

这就是双方理解上的差异。

很多人觉得：“我只是发给朋友看看，又没发到网上。”

可信息一旦离开内部系统，发给一个人还是发给一万个人，主动权就已经不在你手里了。

朋友可以继续转发，群聊可以截图，聊天记录也可能因为争吵、离职或者利益冲突被公开。

职场里最危险的行为，往往不是故意泄密，而是根本没意识到什么叫敏感信息。

例如：

把工资条、奖金页面和绩效结果完整截图发出去；

把内部会议材料转到私人微信；

为了证明自己参与过重要项目，把客户名单、报价或后台数据发给朋友；

离职前把内部文档保存到个人邮箱和网盘；

在社交平台晒办公系统，却忘了遮住姓名、工号和项目名称。

这些动作看起来都不大，但叠在一起，可能就是公司认定的信息安全风险。

更现实的一点是，高绩效和高收入，并不能自动抵消规则风险。

公司奖励你，是因为你创造了价值；公司处罚你，是因为它认为你突破了边界。

这两笔账，在企业管理里往往是分开算的。

你今年业绩第一，不代表可以跳过保密制度；你给公司赚了很多钱，也不代表内部资料可以随意处理。

这事对普通职场人的提醒，不是让所有人闭嘴，更不是说工资永远不能讨论。

真正需要建立的是三个边界。

第一，分享收入时，只分享结果，不要把内部页面完整外传。

你可以说自己的收入区间，也可以讨论行业薪资，但没有必要把带有公司标识、部门信息和计算方式的截图直接发出去。

第二，工作群里的内容，不要默认可以转到外部。

越是熟人聊天，越容易放松警惕。可很多信息泄露，并不是发生在公开平台，而是从一个私人对话开始的。

第三，离职、跳槽和做自媒体时，尤其要区分个人经验与公司资料。

你可以讲自己学到了什么，却不能为了证明自己厉害，把客户、合同、后台数据和内部决策材料直接拿出来。

保护公司信息和保护员工权益并不冲突。

员工可以依法了解工资、绩效和劳动合同，也可以在发生劳动争议时保存必要证据。

但保存证据和向外传播，不是同一个动作。

证据应当用于合法维权，而不是用于炫耀、引流或情绪发泄。

317万元很吸引眼球，可真正决定一个人职业安全的，往往不是他赚了多少钱，而是他是否知道哪些东西不能随便发。

职场不是让人什么都不说，而是要知道：

可以表达自己的收入，但别把公司的内部边界一起截进图片里。

你觉得工资和年终奖截图外传，属于员工个人分享，还是公司敏感信息泄露？"
7665687195461763635,贵州遵义多部门查处抠脚汉扮美女卖酒涉事公司！,"屏幕里每天和你聊生活、诉苦、关心你的“她”，可能首先是一套销售流程。

近日，有媒体调查称，贵州遵义一家酒类公司存在员工使用美女照片和视频、虚构女性身份，通过社交账号与消费者建立情感联系，再推销酒品的情况。

7月21日，当地市场监管部门与公安机关联合到场检查，对相关负责人进行询问，事件仍在进一步调查核实中。

需要先说明：目前公开信息反映的是媒体调查和多部门介入，最终性质仍要以有关部门结论为准。

但这件事已经揭开了一个值得普通消费者警惕的销售逻辑——有些账号表面上在卖陪伴，最后才亮出真正的商品。

这类情感营销通常不是一上来就发购买链接，而是分几步推进。

第一步，用漂亮头像、生活视频和固定人设降低戒心。账号不会先谈酒，而是先谈日常、家庭和情绪，让对方觉得这是一个真实、具体的人。

第二步，把公开互动转到私聊。聊天频率变高后，称呼更亲密，关系进展也可能远快于正常社交。消费者投入的时间越多，就越不愿意承认这段关系可能只是销售安排。

第三步，用困难故事制造帮助冲动。卖酒不再被描述为普通交易，而被包装成“帮我完成任务”“支持一下我的事业”或者“替我渡过难关”。此时，消费者买的已经不只是酒，而是对一段关系的回应。

第四步，弱化商品本身。酒的产地、执行标准、价格对比和售后规则说得很少，感情、承诺和紧迫感说得很多。产品是否值得购买，反而成了最不重要的问题。

怎么识别？可以看四个信号：

关系是否推进得异常快；对方是否长期回避实时视频或可核实身份；

商品信息是否模糊，却反复强调个人困难；

是否要求一次买多箱、转到平台外付款，或不断催促尽快下单。

出现其中一个信号，未必就能证明对方有问题；

但如果四个信号同时出现，就应该先停止付款，核实身份和商品信息。

不要因为已经聊了很久，就继续为此前投入的感情买单。

这件事也不能被简单理解成“网上的美女都是假的”，

更不能把正常的内容营销一概污名化。

真正的边界在于：身份是否真实，关系是否被故意虚构，商品信息是否充分，成交是否建立在误导之上。

一个商品如果必须先让消费者相信一段不存在的关系才能卖出去，那被消耗的就不只是钱，还有人对陌生人的基本信任。

如果一个聊了很久的网友突然开始卖酒，你会选择先核实身份，还是觉得买一点也无所谓？"
7665685512618770990,68元请香结账变952元，湖南衡阳通报涉事商行罚款4000元，停业7天,"真正让消费者措手不及的，往往不是商品贵，而是总价直到付款前才出现。

7月23日，湖南衡阳南岳区市场监督管理局通报了这起消费纠纷。

经调查，涉事商行的行为构成诱导消费。执法部门责令商家退还相应款项，没收违法所得、罚款4000元，并停业整顿7天。

从68元到952元，问题不只是差了884元，

更在于消费者和商家对“买了什么”存在完全不同的理解。

据此前报道，消费者以为自己选的是一份68元的香，商家却按多人、多份进行搭配计算。

单价看得见，数量没有说透，总价自然可能在最后一刻突然放大。

这类消费场景为什么容易发生？

第一，游客对现场规则不熟。

景区消费常伴随讲解、仪式和人情压力，消费者容易把注意力放在体验上，而不是逐项核对数量。

第二，价格展示只突出最低数字。

68元很醒目，但它究竟是一支、一套还是一人一份，是否还会搭配其他商品，如果没有明确说明，低价就可能只起到引导作用。

第三，付款节点太晚。商品一旦拆封、摆放或进入服务流程，很多人会觉得“不好意思反悔”，即使发现价格不对，也可能先付款再说。

普通人遇到类似场景，最实用的办法不是和商家争辩一句“贵不贵”，

而是付款前确认三件事：这是多少钱一份，一共几份，最终总价是多少。

最好让对方把数字直接说清楚；如果价格牌、聊天记录或收款页面与实际不一致，及时保留照片和票据。

如果已经发生争议，不必在现场陷入情绪对抗。

保存商品、价签、支付记录和沟通内容，向12315或12345反映，往往比一句“我感觉被骗了”更有用。

对商家来说，透明定价也不是额外负担。

把单价、数量和总价说清楚，也许少了一笔冲动成交，却能避免投诉、处罚和口碑损失。

消费者可以接受贵，但很难接受价格在最后一刻才被重新定义。

你在景区消费时，遇到过“看到一个价，结账变成另一个价”的情况吗？"
7665688037468258866,自驾新能源汽车跨境遭远程锁车超30小时，车主称事前未提醒！,"车还能开，但导航、音乐和部分智能功能受限30多个小时，这算不算“锁车”？

近日，一名新能源车主称，他驾驶购入约半年的新能源SUV进入哈萨克斯坦后，车辆的车机和部分联网功能突然受到限制，持续30多个小时。

按车主的说法，导航、音乐以及部分储物和加油相关操作受到影响，但车辆仍能基本行驶。

品牌方随后回应称，车辆因长时间位于境外，触发了“车辆保护机制”，屏幕上出现了较强的提示界面，但这并不是把整辆车锁死，也没有限制基本驾驶和安全功能。

品牌方还表示，相关部件可以通过物理方式开启，提示后来已被解除。

这里最值得关注的，并不是争论一个词到底该叫“锁车”还是“强提示”，而是车主在什么情况下会失去哪些功能、持续多久、怎样恢复，是否在出发前就能清楚知道。

目前公开报道中的客服口径并不完全一致。

有报道援引客服说法称，车辆出境可能触发远程限制，事前无法报备，只能在出现故障码后提交护照、签证、国际驾照和购车材料；

另有报道中的客服则称，条款里有出境规则，车主可以提前提交材料，申请30天临时解锁。

同一项跨境使用规则，如果车主在出发前得到的是不同答案，风险就只能由车主在路上承担。

燃油车时代，车钥匙在手，车辆大部分功能也在车上。

智能汽车时代，车主买到的不只是硬件，还有账号、网络、服务器和后台权限共同组成的使用权。

防盗、防走私和车辆安全当然有现实需要，但保护机制越强，告知义务和应急通道就越应该清楚。

至少有三件事应该在车主出境前说透。

第一，哪些国家或地区会触发限制，判断依据是定位、网络还是停留时间。

第二，受到影响的究竟是娱乐功能、储物功能，还是充电、加油和驾驶功能，能否通过物理方式临时处理。

第三，车主需要提交哪些材料，能否提前报备，客服审核需要多久，多次过境是否会再次触发。

对准备跨境自驾的新能源车主来说，出发前最好不要只做保养。

还应通过官方客服或门店书面确认境外使用规则，保存沟通记录和购车材料；

提前下载离线地图，了解充电口、油箱盖、储物箱等部件的机械开启方式，并准备厂家道路救援和境外联络渠道。

这不是要否定智能化。远程服务能升级车辆，也能提升安全，

但同样意味着部分使用权掌握在云端。

真正让人安心的智能汽车，不只是能远程控制，更应该让车主提前知道何时会被控制、为什么被控制，以及如何恢复。

如果一辆车还能开，但主要智能功能被后台限制，你认为这应该算“锁车”，还是正常的安全保护？"
7665609271308763675,特斯拉营收增长26%，利润却下降：卖得更多，为什么赚钱更难？,"营收增长26%，净利润却下降约5%。

特斯拉最新季度成绩单，把“卖得多”和“赚得多”之间的差别摆在了桌面上。

特斯拉官方发布的2026年第二季度财报显示，公司营收为282.4亿美元，同比增长26%；

按美国通用会计准则计算的净利润约11.1亿美元，同比下降约5%。

同期研发支出达到23.7亿美元，同比增长49%。

为什么营收明显增长，利润没有同步上升？

首先，收入规模扩大不代表每一项业务的利润率相同。

车辆价格、促销、产品结构、监管积分收入以及能源等业务占比变化，都会影响最终利润。

其次，特斯拉正在把更多资金投向人工智能、自动驾驶、机器人和Robotaxi等项目。

这些投入可能决定未来，但在形成稳定回报前，会先体现在当期成本中。

这份财报真正值得关注的，不是简单判断“特斯拉变好还是变差”，

而是公司正在从一家以卖车为核心的企业，继续向AI和机器人平台押注。

营收增长说明业务规模仍有支撑，利润承压则说明转型并不便宜。

对消费者来说，研发投入最终能否转化为更安全、更稳定、价格更合理的产品，比发布会上的概念更重要。

对投资者而言，也需要分别看清汽车业务的盈利能力和新业务的投入周期，不能只盯一个增长数字。

特斯拉正在用今天的利润，购买明天的可能性。

问题是，自动驾驶、Robotaxi和机器人何时能形成足够回报，仍需后续数据验证。

你更看重特斯拉现在的卖车能力，还是它对AI和机器人的长期押注？"
7665608481654784539,亚马逊裁减AGI团队岗位，AI研发开始接受业务优先级审查！,"AI是科技公司最舍得花钱的方向之一，但这并不意味着所有AI岗位都安全。

据路透社7月22日报道，亚马逊削减了人工通用智能（AGI）团队的部分岗位，

公司发言人确认了人员调整，但没有公布具体数量。报道还提到，该团队此前已有部分关键人员离开。

亚马逊同时强调，大模型和生成式AI仍是公司重要方向。

这看起来矛盾：一边继续重金投入AI，一边又削减AI团队。

其实，两件事可以同时发生。

科技公司进入AI投入的第二阶段后，关注点会从“先占位置”转向“哪些项目能形成产品、收入或基础能力”。

资源可能集中到云服务、模型平台、购物助手和企业客户需求更明确的项目，探索周期长、与业务连接较弱或团队功能重叠的岗位，则更容易被重组。

因此，这次调整不能简单解读成“AI不行了”，也没有证据表明这些岗位就是被AI替代。

更准确的信号是：AI岗位同样要接受业务优先级、成本和交付结果的审查。

行业最热时，组织变化反而可能更快，因为公司会频繁调整技术路线和投资重点。

对从业者来说，只掌握一个热门模型或工具并不足以形成长期保障。

能够把模型能力变成稳定产品、控制成本、理解数据合规，并与具体业务结合的人，抗波动能力更强。

对普通员工而言，也不必把“进入AI部门”视作永久保险箱。

AI热潮没有结束，但人才竞争的规则正在变化：

公司不只问你会不会做AI，还会问这项AI能解决什么问题。

你认为，未来AI岗位最重要的是技术深度，还是把技术做成业务结果的能力？"
7665607329580155442,年轻人为何少喝康师傅？,"便利店冰柜里，康师傅冰红茶仍然占着熟悉的位置，

但年轻人的选择已经比十年前多得多：

无糖茶、气泡水、咖啡、鲜制奶茶，一排货架被切成了更多细分赛道。

公开数据被媒体广泛引用：康师傅2025年上半年茶饮品业务收入同比下降6.3%，集团2025年全年收入同比下降约2%。这并不等于“年轻人都不喝康师傅了”，

但它说明传统甜味即饮茶正在面对更强的替代竞争。

第一层变化是健康偏好。

配料表、含糖量和热量成为购买依据，无糖茶从小众选择变成大品类。

第二层是口味与场景。

即时零售让消费者在办公室和家里也能迅速买到咖啡、奶茶和鲜制饮品，传统瓶装茶的便利优势被削弱。

第三层是情绪价值。

年轻消费者愿意为联名、限定口味和门店体验付费，一瓶经典饮料只靠怀旧，很难长期支撑增长。 康师傅并非没有反应。

品牌重新强化促销活动，也在尝试新品和更多消费场景。但老品牌真正的难题，不是把广告做得更年轻，而是能否在糖分、口味、价格和渠道上给消费者一个新的购买理由。

对消费者来说，这场变化带来的未必只有涨价。

竞争越激烈，品牌越需要在配方、容量和性价比上做选择；

对传统饮料企业来说，曾经的国民认知只是起点，不再是护城河。

所以，“年轻人不爱康师傅”更准确的说法是：他们不再只有康师傅可选。

你现在走进便利店，最常拿的是含糖饮料、无糖茶，还是咖啡？"
7665606245226643978,多款高端手机涨价超1000元：新机越来越贵，还需要年年换吗？,"今年买高端手机，很多人的第一感受不是功能更强，而是价格又上了一个台阶。

公开报道显示，部分新款旗舰机的起售价较上一代提高约1000元，部分国产品牌也对不同配置进行价格调整。

背后的直接压力来自存储芯片、半导体零部件和研发投入上涨。

随着端侧AI、影像系统和高性能芯片成为旗舰机的主要卖点，厂商需要承担更多硬件与研发成本，最终会有一部分传导到售价。

但“成本上涨”并不能解释全部。

高端手机正在从参数竞争转向体验和品牌竞争：更长焦的镜头、更亮的屏幕、更大的存储、更复杂的AI功能，都被放进高价版本。

与此同时，手机性能过剩和系统更新周期延长，让消费者的换机周期越来越长。

厂商卖得少了，就更希望通过高端型号提高单机收入。

这也意味着，贵1000元不等于每个人都能多获得1000元的价值。

准备换机时，可以先问三个问题：

现有手机的续航、存储或性能，是否真的影响日常使用；

新机的核心升级，是自己常用的功能还是发布会参数；

上一代旗舰降价后，能否满足未来两三年的需要。

如果主要是聊天、拍照、刷视频，换电池、清理存储或购买上代机，往往比追首发更划算。

如果确实依赖高性能、专业影像或本地AI，再为新功能付费也更有针对性。

手机涨价不是一句“厂商变贵了”那么简单，它同时反映了上游成本、技术投入和消费周期的变化。

下一部手机，你会继续买最新旗舰，还是等上一代降价？"
7665604390824264218,净网：网警发布20起涉汛涉灾谣言案例！,"一段洪水视频、一张受灾图片，再配上一句“某地刚刚出事”，就可能在几分钟内传遍社交平台。

问题是，画面看起来越真实，越可能让人忽略最重要的一步：核实。

7月23日，公安机关公布20起涉汛涉灾网络谣言典型案例。

通报中的造假方式包括用AI生成虚假灾情画面、把旧视频换个地点重新发布、剪辑拼接现场素材，以及编造伤亡和险情吸引流量。

相关人员已依法受到处理。

灾害谣言比普通谣言更危险。

它会制造恐慌，也可能挤占真正求助信息的传播空间，干扰救援判断。

AI工具降低了造假的门槛，但谣言能够扩散，

往往还利用了人们“宁可信其有”和急于提醒亲友的心理。

普通人转发前，可以做四个检查。

第一，看首发来源，有没有应急、气象、公安或权威媒体的确认；

第二，看时间地点，旧闻和异地视频最容易被移花接木；

第三，看画面细节，字幕、口型、反光、建筑和车牌是否前后矛盾；

第四，遇到伤亡数字、决堤等重大信息，先等官方更新，不用抢那几分钟。

如果无法确认，最稳妥的做法不是加一句“真假自辨”后继续转发，而是暂缓传播。

看到疑似谣言，也可向平台举报，并把真实的预警、避险路线和求助渠道转给需要的人。

AI让假消息更像真的，也让每个人的核验习惯变得更重要。

你平时看到灾情视频，会先转发提醒，还是先找权威来源核实？"
7665580670458380850,求职者因过往民事诉讼被大厂拒聘，过度背调引争议！,"面试通过、薪资谈妥，却因多年前已结案的民事诉讼被拒录：背调到底能查到哪一步？

通过多轮面试，谈好了薪资，却因为多年前一起已经结案的交通事故民事诉讼，被第三方背调标成“黄灯”，最后没有拿到录用通知。

近日，一名求职者的经历引发争议。

据扬子晚报报道，当事人应聘某公司岗位并通过面试，

背调环节却查到其过往民事诉讼记录。

需要注意的是，民事纠纷不等于刑事犯罪，

更不能直接推导出一个人的职业能力或诚信有问题。

争议的核心不在于企业能不能背调，

而在于查询范围是否与岗位直接相关、求职者是否充分知情，

以及企业如何解释和使用这些信息。

个人信息保护的基本原则是目的明确、范围必要。

求职者签过授权书，也不代表企业可以无限扩张查询范围。

涉及诉讼、婚姻、家庭等敏感或高度私密的信息，

更应说明用途，并给予当事人核对、纠错和申辩的机会。

如果一条同名记录、陈旧记录或与岗位无关的民事纠纷，

就能直接决定一个人的工作机会，背调就可能从风险管理变成标签筛选。

对求职者来说，签授权前应看清查询项目，主动询问异常信息如何复核；

收到不利结论时，可要求说明具体依据并核对是否准确。

对企业而言，真正稳妥的做法不是“查得越多越安全”，

而是只查与岗位风险有关的信息，建立人工复核和申诉通道。

背调可以帮助企业识别风险，但不能替代对人的判断。

你认为，已经结案且与岗位无关的民事诉讼，应该影响录用吗？"
7665251613124067875,TikTok Shop开始亲自替商家做运营，代运营行业可能被平台吞掉！,"很多做跨境电商的人。

最近应该都注意到一个变化。

TikTok Shop开始把越来越多以前属于代运营公司的能力，放到平台自己手里。

先说清楚事实。

目前公开的信息是，TikTok Shop持续推广和升级PEAKS经营方法论，为商家提供经营指导、达人合作、广告支持、流量资源等一系列官方服务。

但这里要注意。

公开信息并没有说，平台已经全面替商家做代运营。

更没有官方宣布，代运营行业会消失。

真正值得关注的，不是这条新闻本身。

而是平台的发展方向。

过去，一个商家想做TikTok Shop。

不会选品。

不会找达人。

不会投广告。

不会拍内容。

很多事情，都要花钱找代运营公司。

代运营最大的价值，就是帮商家解决这些不会的问题。

但是现在。

平台开始把这些能力，一点一点做成官方工具。

官方培训。

官方方法论。

官方达人资源。

官方广告工具。

官方运营支持。

如果商家自己就能学会。

自己就能完成。

那最先受到影响的，就不是商家。

而是那些只靠信息差赚钱的代运营公司。

为什么？

因为信息一旦公开。

流程一旦标准化。

经验就会越来越不值钱。

真正值钱的，会变成平台复制不了的能力。

比如品牌定位。

产品开发。

供应链管理。

海外市场判断。

达人资源整合。

内容创意。

这些东西，不是一套后台工具就能解决。

所以，这条新闻真正反映的，不是平台抢饭碗。

而是商业规则变了。

以前赚钱。

靠的是知道别人不知道的信息。

以后赚钱。

更可能靠的是别人做不到的能力。

这个变化，其实不仅发生在TikTok。

几乎所有互联网平台，都在走同一条路。

平台负责把标准化能力做成产品。

真正还能赚钱的人。

必须提供平台给不了的价值。

对于商家来说。

未来最大的变化，可能是学习成本越来越低。

越来越多经营能力，可以直接在平台获得。

对于代运营公司来说。

真正危险的，不是平台进入。

而是自己的价值，只剩下平台已经能够提供的那一部分。

一句话总结今天这件事。

平台不会消灭所有代运营。

平台只会消灭没有壁垒的代运营。

真正留下来的。

永远不是流程。

而是创造结果的能力。

最后想问大家一个问题。

如果平台把运营工具、培训、达人和流量支持都越来越完善。

未来你还会花钱找代运营吗？

还是更愿意自己学、自己做？"
7665250423296623139,上半年全国城镇新增就业695万人，同比持平！,"如果你最近正在找工作。

或者准备跳槽。

今天这组数据，可能比想象中更值得看看。

公开数据显示。

今年上半年，全国城镇新增就业695万人。

同比持平。

很多人看到这个数字。

第一反应可能是。

既然新增就业这么多。

为什么身边还是有人觉得工作难找？

其实。

这两件事并不一定矛盾。

新增就业。

说的是全国新增就业人数。

而一个人的求职体验。

还会受到行业、地区、岗位、技能和企业需求等多方面影响。

所以。

总体数据保持稳定。

并不代表每个人找工作的难度都完全一样。

对于普通人来说。

真正需要关注的，不只是新增了多少岗位。

而是新增岗位在哪里。

需要什么能力。

是不是和自己的经验匹配。

如果行业正在变化。

企业招聘方向发生调整。

即使岗位数量没有明显变化。

求职者感受到的竞争，也可能发生变化。

对于已经工作的上班族。

这组数据还有另一层意义。

工作稳定。

并不等于竞争停止。

企业更关注效率。

岗位要求也可能不断变化。

持续学习和提升能力，依然是很多行业共同面对的问题。

对于企业管理者来说。

新增就业保持稳定。

意味着劳动力市场仍在持续运行。

但如何留住员工、提升效率、控制成本，同样需要持续投入。

需要提醒的是。

这条数据反映的是总体情况。

不能直接推导到某一个行业、某一个城市或者某一家企业。

也不能说明所有行业就业情况都相同。

所以。

不要因为看到一个数字就盲目乐观。

也不要因为个人经历就否定整体数据。

数字说明的是整体趋势。

个人感受到的是具体生活。

两者可以同时存在。

真正重要的是。

在变化的就业市场里。

让自己的能力，尽可能对应更多岗位。

就业数据每年都会更新。

真正决定一个人机会的。

还是持续提升自己的竞争力。

你觉得，现在找工作最难的是岗位少，还是岗位要求越来越高？"
7665246616202265123,外卖补贴监管进入落地窗口，餐饮流量战将从补贴转向利润核算,"经常点外卖的人注意。

以后最先发生变化的，可能不是饭菜。

而是那些看起来特别便宜的红包和满减。

市场监管总局已经就《外卖平台补贴行为规范十条》公开征求意见。

征求意见稿明确提出。

平台不得通过长期、大额补贴，排除或者限制市场竞争。

不得强制商家参加补贴活动。

也不得让商家承担本不该承担的补贴成本。

同时，不得利用资本优势开展不正当竞争，也不得以低于成本的价格销售商品。

先说清楚。

这目前仍是征求意见稿。

不代表所有规则已经全面落地。

但它释放的信号已经很明确。

外卖行业不能再只靠烧钱、低价和流量无限竞争。

这件事为什么和普通人有关？

因为一张外卖优惠券，表面上只是便宜几块钱。

背后却可能有三本账。

第一本，是消费者的账。

大额补贴期间，消费者确实能买到便宜外卖。

但如果低价主要依赖平台持续投入，它就未必能够长期维持。

未来补贴减少，消费者可能会发现。

同样一顿饭，实际支付价格、配送费用和优惠门槛可能重新变化。

第二本，是餐饮商家的账。

很多商家看见订单上涨，会以为生意变好了。

但真正需要计算的是。

一单收入减去食材、包装、人工、平台费用、配送相关支出和活动成本之后，到底还剩多少钱。

如果一单卖出去不赚钱。

订单越多，可能只是厨房更忙，亏损更快。

更关键的是。

如果商家不能自主决定是否参加活动，却还要承担部分补贴成本。

所谓流量，就可能变成被转嫁过来的经营压力。

第三本，是骑手和服务环节的账。

平台大量补贴，订单短时间集中增加。

骑手配送、门店出餐和消费者等待时间，都可能承受额外压力。

所以监管关注的，不只是价格低不低。

还包括这种低价有没有挤压商家、骑手和消费者的长期利益。

过去平台竞争最容易看的指标，是订单量。

今天送出多少券。

增加多少新用户。

产生多少订单。

但当补贴行为受到更清晰的约束以后。

餐饮商家可能需要重新回到一个最简单的问题。

这单到底赚不赚钱？

消费者可能也会重新判断。

自己选择一家店，是因为它真的好吃、稳定、方便。

还是只因为今天便宜五块钱。

这并不意味着以后不能有补贴。

征求意见稿针对的是利用长期、大额补贴扰乱竞争、强迫商家参与、转嫁成本等行为。

正常促销和合法优惠，不能简单等同于违规补贴。

真正可能改变的，是补贴的来源、规则和透明度。

征求意见稿还提出。

平台开展补贴活动前后，应当向社会公开相关信息，接受监督。

这意味着以后判断一场活动。

不能只看红包有多大。

还要看谁出钱、谁承担、活动持续多久，以及有没有影响正常竞争。

对餐饮老板来说。

下一阶段最危险的，不是没有流量。

而是把流量误当利润。

一张订单，只要没有留下利润，就不能因为数量多而被称为好生意。

对消费者来说。

真正稳定的便宜，不是平台偶尔烧钱。

而是商家能活下来、骑手能正常配送、平台能持续运营，价格和服务都能长期维持。

所以外卖补贴监管进入下一阶段。

真正被重新核算的，不只是平台预算。

而是每一份低价外卖背后，到底谁在承担成本。

补贴可以制造订单。

但只有利润，才能留下商家。

你认为外卖补贴减少以后，消费者最可能先感受到的是价格上涨，还是商家服务变得更稳定？"
7665243979377689123,国家消费规划明确支持地域餐饮品牌和美食产业集群！,"开餐馆的人注意。

未来餐饮竞争，可能不只是菜好不好吃。

还要看一个地方，能不能把一道菜做成品牌，把一批小店连成产业。

国务院批复的《扩大消费“十五五”规划》提出：

实施地域餐饮品牌培育工程。

鼓励地方打造美食集聚区和特色小吃产业集群。

这句话听起来有点大。

翻译成普通人能理解的话就是：

地方菜、特色小吃、美食街区，接下来可能会被当成消费产业来建设。

但先说清楚。

政策明确的是支持方向。

不等于马上给每家餐馆发钱。

也不代表开一家地方菜馆，就一定能吃到政策红利。

真正可能发生变化的，是地方餐饮的经营方式。

过去，一道特色小吃可能只靠师傅手艺。

店开在哪儿，生意就做到哪儿。

以后如果要形成地域品牌和产业集群，就可能需要更多东西。

统一的品牌表达。

更稳定的食材供应。

更清晰的制作标准。

更完整的食品安全管理。

以及能够把游客、门店、电商和供应链连起来的消费场景。

对消费者来说，这可能意味着什么？

去一个城市，不只是找一家店。

而是可能进入一条美食街、一个特色餐饮集聚区。

当地把特色菜、文化、旅游和消费放在一起。

吃饭不再只是解决一顿饭。

还可能变成城市体验的一部分。

对餐饮老板来说，机会和压力会同时出现。

机会是，地方品牌一旦被做起来，小店可能获得更多客流、更强认知和更完整的供应链支持。

压力是，过去靠经验经营的店，可能越来越需要面对品牌、标准、食品安全和数字化经营。

以前顾客说好吃，就能活下来。

以后还要回答几个问题：

味道能不能稳定？

食材能不能持续供应？

换一个厨师还能不能做出来？

开到另一个城市，还能不能保持原来的品质？

这才是“地方小吃”走向“产业集群”最难的一步。

因为小吃最宝贵的是特色。

产业最需要的是复制。

做得太随意，规模起不来。

做得太标准，又可能把原来的味道做没了。

所以真正有机会的，可能不只是前台开店的人。

还包括后面的食材种养、加工配送、中央厨房、冷链物流、包装设计、品牌运营和文旅服务。

一道地方菜一旦成为品牌，带动的就可能不只是一张餐桌。

而是一整条从产地到门店、再到消费者的生意链。

不过也要看到风险。

如果各地只追求造街、挂牌和统一装修，却没有真实消费需求，

所谓美食集聚区也可能只剩形式。

如果为了连锁化，把地方口味全部做成一个标准，品牌有了，特色反而没了。

所以政策给的是方向。

真正决定结果的，仍然是产品、经营和消费者愿不愿意付钱。

对普通餐饮商家来说，现在最重要的不是追政策口号。

而是看自己的产品，有没有进入区域品牌的可能。

是只能依赖一个师傅。

还是能够形成稳定标准。

是只卖一顿饭。

还是能连接食材、文化、旅游和零售产品。

以后地方餐饮真正争夺的，可能不只是附近三公里的顾客。

而是谁能代表一座城市的味道。

你认为地方小吃做成连锁和产业以后，会变得更可靠，还是会失去原来的味道？"
7665240612924375567,第一批电车电池8年质保潮来临！,"第一批新能源车。

开始陆续迎来一个重要时间点。

电池8年质保。

很多人觉得。

这只是厂家和车主之间的事情。

其实，它影响的不只是维修。

还有二手车价格、购车选择，以及大家对新能源车长期使用成本的判断。

公开信息显示。

第一批新能源车，正陆续进入8年电池质保阶段。

随着这一时间节点到来。

电池健康度开始受到越来越多关注。

为什么？

因为对于燃油车来说。

很多人看的是发动机、变速箱。

而新能源车。

电池就是最核心的资产之一。

如果准备继续自己开。

很多车主会开始关注。

电池状态怎么样？

还能不能满足日常使用？

如果准备卖车。

买家可能也越来越关心电池健康情况。

同样一辆车。

如果电池状态不同。

市场接受程度也可能不同。

当然，需要强调的是。

进入8年质保节点，并不代表所有车辆都会出现问题。

也不意味着电池一定需要更换。

不同品牌、不同车型、不同使用环境以及不同保修条款，都可能存在差异。

目前公开信息更多反映的是。

随着第一批车辆进入这一阶段，电池健康度开始成为市场关注重点。

这件事真正影响普通人的地方。

其实是买车逻辑正在发生变化。

以前很多人买新能源车。

重点看续航、配置和价格。

未来。

可能还要多关注一个指标。

长期使用成本。

以及车辆后期价值。

尤其准备购买二手新能源车的人。

除了公里数。

除了事故记录。

电池相关情况，也可能成为越来越重要的参考因素。

所以。

第一批8年质保到来。

真正进入考验的，不只是电池。

还有整个二手新能源车市场，对车辆长期价值的重新定价。

对于普通消费者来说。

不是要因此否定新能源车。

而是在购车、换车和卖车时，多增加一个判断维度。

买车看今天。

更要看几年以后。

因为决定一辆车价值的。

不仅是今天还能开多远。

还有未来别人愿不愿意接手。

如果现在准备买二手新能源车，你最关心的是续航，还是电池健康？"
7665239147438801423,2026年财富中国500强出炉Q！,"2026年《财富》中国500强公布了。

很多人的第一反应，是看看哪家公司排第一。

看看哪些企业赚钱。

哪些企业掉队。

但对于大多数普通人来说。

真正重要的，不是排行榜。

而是排行榜背后的方向。

根据公开信息。

2026年《财富》中国500强已经发布。

公开报道提到，腾讯是最赚钱的互联网企业之一。

除此之外，这份榜单本身反映的是大型企业经营情况的变化。

但榜单不是成绩单。

它更像是一张行业地图。

因为大企业的发展方向。

往往会影响招聘需求、供应链合作、投资方向以及行业竞争。

对于上班族来说。

如果所在行业持续扩张。

企业可能增加岗位。

培训投入也可能更多。

如果行业进入调整阶段。

企业更关注效率。

岗位要求和竞争压力也可能发生变化。

对于求职者来说。

真正值得关注的，不是谁排第几。

而是哪些行业连续保持竞争力。

哪些行业开始出现新的机会。

而对于中小企业。

500强企业的一些变化，也可能影响上下游订单和合作节奏。

不过需要注意的是。

一份榜单并不能直接说明未来一定会怎样。

也不能代表所有企业的发展情况。

更不能简单推导出就业、收入或者行业走势。

它只能作为观察企业经营和行业变化的一个参考。

所以，比起讨论谁赢了。

普通人更值得问自己三个问题。

自己的行业有没有变化？

自己的能力还能不能适应变化？

未来三到五年，自己的位置在哪里？

企业排名每年都会更新。

真正决定收入的。

不是企业排第几。

而是你的能力，还能不能进入下一张榜单对应的机会里。

你觉得，一份500强榜单，对普通人的求职和职业规划有没有参考价值？"
7665235558906266112,女子临近退休差点多等11年领养老金！,"临近退休的人。

最怕的不是多跑一趟。

而是手续都快办了，才发现自己的社保缴费记录有问题。

上海金山区山阳镇的翁女士，就差点遇到这种情况。

社保中心工作人员在核查时发现。

她的养老保险存在断缴。

按照这起事件提供的信息。

如果错过当时的补缴窗口，她可能要延后11年领取养老金。

问题是。

工作人员当时联系不上她。

电话找不到人。

补缴截止时间却只剩下24小时。

最后，工作人员通过多种方式联系上翁女士。

并指导她在线完成补缴。

这次补缴成功，避免了她错过窗口。

很多人看这条新闻，第一反应是工作人员很负责。

这当然是事实的一部分。

但对普通人来说，更应该看到另一层风险。

社保缴费不像水电费。

水电费断了，很快就能发现。

社保记录出了问题，很多人平时根本没有感觉。

工资照发。

生活照常。

甚至几年都不会主动去查。

等到临近退休、办理待遇，才发现中间有断缴、漏缴或者信息异常。

这时候，影响的就不只是补多少钱。

还可能影响什么时候能办手续，什么时候能领待遇，以及接下来很多年的生活安排。

尤其是临近退休的人。

收入来源正在变化。

工作可能准备结束。

家庭开支却不会一起停止。

如果养老金领取时间发生明显变化，原本安排好的生活节奏就可能全部打乱。

住房、医疗、日常开支。

都要重新计算。

所以这起事件真正提醒人的，不是所有断缴都会造成同样结果。

也不是每个人都可以按照同样方式补缴。

不同人的参保情况、缴费记录和适用规则，可能并不相同。

真正重要的是，不要等到退休前最后一刻，才第一次查看自己的社保记录。

参保时间是否连续。

缴费月份是否完整。

个人信息是否准确。

以前换工作、换城市、换单位时，有没有出现空档。

这些问题，越早发现，处理选择通常越多。

越接近截止时间，留给自己的空间就越小。

这次翁女士很幸运。

工作人员在最后24小时联系到了她。

但不是每一次遗漏，都会有人追着提醒。

社保记录不会天天影响你的生活。

可一旦到了退休节点，它影响的可能就是未来很多年的现金流。

真正该提前准备的，不只是退休后的钱。

还有领取这笔钱的资格、记录和时间。

建议家里有临近退休的人，把这条内容转给他。

先去核对一次自己的养老保险缴费情况。

你上一次认真查看自己的社保缴费记录，是什么时候？"
7665232523324064296,老人赠房56岁女友被叫停！,"很多人看到这条新闻。

第一反应都是房子。

但真正值得讨论的，其实不是房子。

而是如果有一天，人失去了表达能力，谁还能替自己做决定。

上海74岁的老张，胆管癌晚期。

他希望把名下房产赠予56岁的女友桃姐，同时指定她担任自己的意定监护人。

但公证处最终终止了申请。

原因之一，是桃姐已经结婚。

根据公开报道。

公证处内部也出现了不同意见。

一方认为，应当尊重老人的自主意愿。

另一方则担心，这样做可能涉及公序良俗问题，因此最终没有通过申请。

需要注意的是。

目前公开信息能够确认的是，申请被驳回。

至于更详细的法律理由和具体适用规则，还需要结合正式法律规定理解。

很多网友把焦点放在了感情上。

其实真正影响普通人的，是另一件事。

就是意定监护。

简单来说。

人在神志清醒的时候，可以提前指定，

将来如果自己失去判断能力，由谁来照顾自己、处理事务。

以前很多人默认。

这个人应该是子女、配偶或者其他近亲属。

但现实越来越复杂。

有人终身未婚。

有人离异。

有人没有子女。

也有人真正长期照顾自己的，并不是法律意义上的近亲。

于是，一个问题就出现了。

个人自主选择，和公共规则之间，边界应该画在哪里？

如果完全尊重个人意愿。

可能会有人担心被利用、被骗取财产。

如果完全依赖身份关系。

又可能让真正照顾自己的人，没有决定权。

所以这起案件真正难的地方，不是谁对谁错。

而是自主权、公序良俗和风险防范之间，如何平衡。

对于普通人来说。

这件事最大的提醒，不是讨论别人该不该送房。

而是提前了解自己的晚年安排。

包括财产、监护、医疗决定以及法律程序。

很多问题，等到失去表达能力之后，就已经来不及选择了。

这起案件最后申请没有通过。

但它留下的问题，可能以后每个人都会遇到。

房子只是资产。

真正重要的是。

当你不能替自己说话的时候，到底谁能替你说话。

你认为，一个人晚年监护人的选择，应该优先尊重个人意愿，还是更强调法律身份关系？"
7665228349236642338,"酒店低价早餐券灰产:用差评换霸王餐,有商家卖出3万张获利数十万","几块钱买一张酒店早餐券。

你以为只是薅了酒店一点羊毛。

可最后才发现，自己可能买的根本不是优惠券，而是一张拿去逼酒店妥协的工具。

蓝鲸记者调查发现，二手平台上部分低价酒店早餐券，并不是酒店官方销售。

消费者付款后，卖家可能提供一个虚假的房号，或者一套无法正常核验的信息。

等消费者到了酒店，前台一查，没有入住记录，早餐券自然不能使用。

正常情况下，这件事到这里应该结束。

消费者找卖家退款，酒店拒绝没有依据的消费。

但灰产真正赚钱的地方，恰恰从这里才开始。

有些卖家会利用酒店在意评价、投诉和平台排名的弱点。

消费者无法核销后，卖家可能引导或者直接用差评威胁酒店。

意思很简单。

要么让这个人进去吃。

要么就给你差评、投诉，影响酒店生意。

酒店面对的账也很现实。

一顿早餐的成本可能有限。

但一次差评带来的解释、申诉、排名影响和客户流失，却很难计算。

于是一些酒店为了减少麻烦，可能选择临时放行。

消费者吃到了早餐，会以为这张券是真的。

卖家拿到了钱，也完成了一次所谓的“交易”。

可实际上，这张券能用，不是因为它有效。

而是因为酒店被迫承担了损失。

调查显示，单个商家曾卖出超过3万张此类早餐券，获利超过15万元。

这说明它已经不是偶尔钻一次漏洞。

而是把酒店的服务压力、平台评价机制和消费者贪便宜的心理，拼成了一门批量生意。

这条灰产里，消费者看起来只损失了几块钱、十几块钱。

但真正的成本不止这些。

到了酒店才发现无法使用，行程被打乱。

找卖家维权，要花时间。

卖家失联，还可能投诉无门。

更麻烦的是，有些消费者在不知情的情况下，还可能被当成向酒店施压的工具。

酒店同样不是简单损失一份早餐。

前台需要解释。

员工需要处理争执。

平台可能出现差评。

正常住店客人的体验，也可能受到影响。

而二手平台如果只看到“有人卖券、有人付款”，

却没有核验券的来源和真实性，灰产就能不断复制。

所以这件事真正暴露的问题，不只是有人卖假券。

而是一套规则，只要惩罚不了造假者，成本就会被转嫁给最守规则的人。

消费者花时间。

酒店出成本。

平台承受信任损耗。

灰产卖家却把每一次纠纷，都变成自己的利润。

有律师指出，这类行为可能涉嫌诈骗罪和敲诈勒索罪。

但是否构成犯罪、如何认定责任，还需要结合具体证据和司法处理结果判断。

对消费者来说，判断这类券其实不用太复杂。

只要它不是酒店官方渠道，价格又明显低得不正常，

还需要提供陌生房号或者现场和前台反复交涉，就应该提高警惕。

真正便宜的优惠，是规则允许你使用。

靠别人怕差评才兑现的，不叫优惠。

那叫把风险包装成低价，再卖给下一个人。

你在二手平台看到特别便宜的酒店早餐券，会认为这是正常优惠，还是会先怀疑它的来源？"
7665225595810267648,"女子买二手房吊顶流出血水,原房东疑因卖亏了在房中藏死鸡报复","买二手房，最怕的不是多花几万。

而是钱付完了，手续办完了，才发现房子被人动过手脚。

安徽合肥的杨女士，5月份通过中介购买了一套二手房。

合同约定，房屋里的家电全部留下。

但交易过程中，原房东临时变卦，试图加价。

之后又在过户之前，把原本约定留下的家电拆走。

可这些还不是最麻烦的。

杨女士收房之后，屋里一直有一股腐臭味。

继续检查才发现，吊顶、吊灯、床垫等多个位置，被藏进了已经腐烂的死鸡。

吊顶里甚至渗出了暗红色的血水。

目前关于原房东为什么这样做，新闻标题中使用的是“疑因卖亏了报复”。

这个原因还不能直接当成已经确认的事实。

但能够确认的是，房屋内确实发现了腐烂死鸡，原房东也拒接电话。

杨女士报警后，民警认为这属于民事侵权，建议通过民事诉讼解决。

中介也表示，会配合起诉。

这件事真正让买房人不安的，不只是房间里藏了什么。

而是很多人以为，房子一过户，交易就结束了。

实际上，二手房交易至少还有最后一道关：交付。

合同是一回事。

房子最终以什么状态交到你手里，是另一回事。

比如合同里约定留下的家电，交房时还在不在。

房屋有没有被人为破坏。

吊顶、柜体、床垫、储物空间这些隐蔽位置，有没有异常。

水、电、门锁、墙面和下水，能不能正常使用。

这些问题，一旦到了过户之后才发现，买房人的损失就不只是清理费和维修费。

还可能包括住宿成本、误工时间、取证成本，以及后续诉讼消耗。

一套房子最大的隐形成本，有时候不是买贵了。

而是问题发生以后，你必须自己花时间证明：这不是你的责任。

这起事件也提醒中介和买卖双方，交房不能只是递钥匙、签个字。

房屋状态、家电清单、重点区域照片、现场视频，都应该在交接时留下记录。

这不是把所有卖家都当坏人。

而是房产交易金额太大，不能只靠一句“应该没问题”。

信任可以降低沟通成本。

证据才能降低纠纷成本。

现在民警和中介都建议杨女士起诉。

但即便最终能够追责，她已经付出的时间和精力，也很难完全恢复。

所以二手房交易里，真正重要的不只是把房子买下来。

而是把交付边界写清楚，把现场状态留清楚。

你认为遇到这种情况，除了起诉之外，中介在交房和验房环节，还应该承担什么责任？"
7665028458392699427,英国首相伯纳姆首秀：将启动40年来最大改革,"英国刚换了新首相。

但真正值得讨论的，不是谁上台。

而是他上任第一天释放出的一个信号。

公开报道显示。

英国新首相伯纳姆在首次讲话中表示，将推动过去40年来最大的改革，同时提出一项十年计划，并表示会在现有财政规则内寻找更多灵活性。

这里有两个关键词。

一个叫”最大改革”。

一个叫”财政灵活性”。

先说第二个。

很多人觉得。

财政规则，就是政府每年花多少钱。

其实更重要的是。

政府的钱能不能提前花。

能花到哪些地方。

什么时候开始投入。

伯纳姆并没有表示放弃财政规则。

公开表态仍将遵守财政规则。

但同时提出，希望利用规则允许的空间，提高财政政策的灵活度。

为什么普通人需要关心？

因为财政资金流向哪里。

企业就更容易往哪里投资。

工作机会也可能跟着变化。

如果更多资金进入基础设施。

建筑、制造、工程相关行业可能首先感受到变化。

如果公共服务投入增加。

教育、医疗、地方治理等领域，也可能迎来新的机会。

当然。

这些都是政策方向释放出的信号。

不是已经发生的结果。

具体改革内容、资金规模、实施时间，目前公开信息还没有完全公布。

真正值得记住的一句话是：

经济很多时候不是先改变市场，而是政府先改变预算。

预算改变。

企业开始调整。

企业调整。

就业和消费才会慢慢发生变化。

所以。

英国这场改革最终有没有效果，还要继续观察。

但对于市场来说。

政策预期，本身就是一种信号。

最后想问大家。

如果一个国家开始强调财政”灵活性”，你觉得最应该优先增加投入的是基础设施、科技创新，还是民生保障？"
7665027189595472418,美国对加拿大产品加征50%关税！,"美国宣布，将对部分加拿大产品加征50%的附加关税。

这件事离普通人并不远。

因为关税进了海关以后，最后可能出现在商品售价、企业成本和工作机会里。

先把事实讲清楚。

美国官方文件显示，这项50%的附加关税针对的是部分加拿大产品，不是所有加拿大商品。

计划从2026年8月19日开始生效。

目前公开列举的范围涉及葡萄酒、家具、服装、体育用品等部分商品。

能源、钾肥、部分鱼类和关键矿产等商品不在这轮新增关税范围内。

所以，不能简单理解成：

美国所有加拿大商品，一夜之间全部涨价50%。

关税也不等于零售价必然上涨50%。

真正的问题是，这笔新增成本由谁消化。

假设一家美国商家原来从加拿大进口一件商品。

现在进口环节增加了一笔高额关税。

商家大致有几种选择。

第一，自己承担一部分。

结果是利润变少。

第二，要求加拿大供应商降价。

结果是出口企业的利润和订单承压。

第三，提高零售价，把部分成本转给消费者。

第四，换供应商，寻找美国本地或者其他国家的替代产品。

但替代供应商不是换个名字那么简单。

商品质量、交付周期、合同关系、库存和运输，都需要重新计算。

所以，一道关税真正改变的，不只是价格。

它还会改变商家的采购选择。

消费者以后走进商店，可能发现原来的加拿大商品更贵了。

也可能发现商品没涨多少，但包装变了、品牌换了，或者干脆不再销售。

做进口生意的人，则要重新判断：

这批货还值不值得进？

库存该不该补？

合同里的关税成本由谁负责？

如果已经签了固定价格订单，又由谁承担中间增加的部分？

这就是关税从政策文件走向现实账本的过程。

政策只需要写一个税率。

企业却要重新计算采购、定价、库存和现金流。

而企业不能长期承担的成本，最终往往会沿着供应链寻找出口。

可能传给供应商。

可能传给零售商。

也可能传给消费者。

但现在还不能断言，所有相关商品一定涨价，

也不能确定成本最终会由哪一方承担。

因为不同商品的替代性、利润空间和市场竞争都不一样。

有些商家可能先压缩利润。

有些可能减少进口。

有些则可能直接调整售价。

所以，这次美国对部分加拿大产品加征50%关税，

真正需要观察的，不只是两国之间谁更强硬。

而是三件现实问题：

美国进口商会不会减少订单？

加拿大供应商愿不愿意降价？

美国消费者最终要不要多掏钱？

一句可以记住的话是：

关税写在边境上，成本却会沿着供应链一路找人承担。

这项关税计划在2026年8月19日生效。

在真正执行、企业调价和供应链调整之前，仍然不能把可能影响说成已经发生。

但对商家来说，规则还没正式落地，采购和库存的账可能已经要提前重算。

你认为这笔50%的关税成本，最后更可能由谁承担？

加拿大供应商、美国商家，还是美国消费者？"
7665026244437721615,美股高开低走 芯片股反弹！,"美股昨晚出现了一个很多人都会忽略的信号。

公开报道显示，美股高开低走，小幅收跌。

不过，部分芯片股、存储股出现了反弹。

先把事实说清楚。

目前公开信息反映的是当天市场表现。

并不代表整个市场已经进入新的上涨趋势，

也不能理解成芯片行业已经全面回暖。

真正值得讨论的是市场背后的资金情绪。

为什么指数没有守住涨幅？

为什么部分芯片股却能反弹？

这说明，不同资金正在做不同选择。

有人继续保持谨慎。

有人开始寻找新的机会。

对于普通人来说。

可能觉得这只是华尔街的事。

其实很多变化，最后都会传导到现实生活。

比如AI行业。

芯片公司表现变化，可能影响未来算力投入节奏。

再比如电子产品。

如果产业链预期发生变化，企业投资节奏、产品更新速度，都可能受到影响。

对于内容创作者、程序员、设计师来说。

AI工具越来越依赖高性能芯片。

市场资金愿不愿意继续投入，也可能影响未来技术发展速度。

所以。

今天这条新闻真正值得看的，不只是股价涨跌。

而是资金还愿不愿意继续押注这个行业。

一句话总结。

股价每天都会波动，但资金愿意流向哪里，往往决定下一阶段的发展方向。

当然，目前素材仅反映一天的市场表现。

芯片股反弹是否持续、资金是否形成新的趋势，还需要后续市场数据进一步验证。

最后想问大家。

如果是你，你觉得未来几年，资金还会继续流向AI和芯片产业吗？"
7665025015687037492,世界杯日均消耗15.84万亿Token！,"世界杯有一个数字，比比赛本身更值得聊。

媒体报道称，在世界杯相关AI应用场景下，日均Token消耗达到15.84万亿。

先解释一句。

Token可以简单理解成，大模型处理文字、图片等内容时消耗的一种计算单位。

数字越大。

意味着AI调用越频繁。

背后的计算资源消耗也越大。

但这里要注意。

目前公开信息反映的是相关报道中的数据，

用来说明AI应用规模，并不代表所有平台、所有模型都是这个水平。

真正值得讨论的是另一件事。

很多人觉得AI越来越便宜。

实际上。

真正昂贵的，并不是聊天。

而是背后的算力。

世界杯这样的全球赛事。

大量用户同时查询数据、生成内容、分析比赛、制作视频。

每一次调用AI，都需要消耗Token。

Token越多。

服务器压力越大。

GPU需求越高。

电力消耗也可能随之增加。

对于普通人来说。

今天可能只是看球。

明天可能就是工作。

设计师生成图片。

运营写文案。

程序员写代码。

老师备课。

企业客服。

越来越多工作都会依赖AI。

而所有这些操作。

最后都会变成算力成本。

一句话总结今天这条新闻。

未来AI竞争，不只是模型有多聪明，更是谁能持续提供足够的算力。

至于15.84万亿Token具体统计口径、覆盖哪些平台、计算方式，目前公开素材没有进一步说明，还需要以后续公开信息核验。

最后想问大家一个问题。

未来AI越来越普及，你觉得最大的瓶颈会是模型能力，还是算力成本？"
7665023722893345332,美国拟限制中国开源AI模型！,"最近有一条AI新闻，不少人觉得离自己很远。

美媒报道称，特朗普政府拟限制外国开源AI模型，

有消息提到，中国开源AI模型成为讨论对象。

同时，还有报道称，美国部分政府部门已经禁用中国AI产品。

这里要强调一点。

目前公开信息说的是”拟限制”“已有部分部门禁用”，

并不是所有限制已经全面落地，更不能理解成所有中国AI模型都会被禁止。

先把事实讲清楚。

真正值得讨论的，是这件事释放出的信号。

过去几年，AI竞争更多是在拼模型、拼算力、拼产品。

现在，越来越多开始拼规则。

规则一旦变化，影响的不只是科技公司。

最先感受到变化的，很可能是每天都在用AI工作的普通人。

比如做设计的人。

以前哪个模型顺手就用哪个。

以后可能要先考虑，企业允不允许用，客户接不接受，用了会不会增加合规风险。

再比如做跨境、电商、内容创作的人。

以前工具越多，成本越低。

如果未来不同地区开始采用不同规则，工具选择变少，学习成本、切换成本、协作成本，都可能增加。

对于普通上班族来说，也一样。

今天看的是AI模型。

明天可能影响的是企业采购、办公软件、项目合作，甚至招聘要求。

很多人总觉得，国际竞争离自己很远。

其实真正影响普通人的，往往不是新闻本身，

而是新闻最后变成了工作里的新规则。

一句话可以总结今天这件事。

竞争到最后，比的不只是技术，还有谁来制定规则。

至于这项限制最终会不会扩大、什么时候实施、影响范围有多大，目前仍需要以后续官方信息为准。

那你觉得，未来AI最大的竞争，会是技术领先，还是规则领先？"
7664978427212038690,71岁奶奶救人被认定见义勇为！,"先说清楚事实。

根据目前公开信息，安徽濉溪县71岁的刘德芳奶奶，在沱河路新濉河大桥附近听到有人呼救。

当时正值汛期，河水上涨。

她拿起救生圈跳入河中，成功救起一名落水男子。

救人之后，她没有留下来，而是默默离开。

后来，当地官方发布寻人视频找到她。

目前，濉溪县委政法委已经认定她的行为属于见义勇为。

事情说到这里，其实新闻已经结束了。

但真正值得讨论的是另一件事。

很多人看到的是一位71岁的老人。

普通人想到的，却是另外一个问题。

如果自己遇到类似情况，会不会有人站出来？

因为今天大家担心的，不只是危险。

还有风险。

有人担心救援能力不足。

有人担心自身安全。

也有人担心因为判断失误，让自己陷入新的危险。

这些顾虑都是真实存在的。

而刘德芳奶奶的故事，让很多人重新看到一种选择。

她没有围观，没有等待。

听到呼救后，拿起救生圈下水救人。

值得注意的是，目前公开信息只确认了救人经过和见义勇为认定。

并没有披露更多救援细节，也没有说明她此前是否接受过专业救援训练，因此不能自行推断。

这件事真正触动人的地方，也不是一句”71岁还这么勇敢”。

而是她救完人以后，没有留下接受表扬，而是默默离开。

很多时候，一个社会的安全感，不只是来自制度。

也来自关键时刻，总有人愿意站出来。

当然，这并不意味着任何人都应该冒险救援。

面对突发事件，首先要确保自身安全，

在能力范围内采取正确方式施救，并及时寻求专业救援。

刘德芳奶奶的故事，让更多人记住了一个名字。

也提醒大家，善意值得被看见，勇敢也值得被依法确认。

最后想问大家一个问题。

如果你遇到类似情况，你认为普通人在保证自身安全的前提下，应该如何帮助别人？"
7664976987963458082,SpaceX首份财报将至，真正要接受检验的是这门生意,"SpaceX首份财报将至。

目前公开素材能够确认的核心信息，只有这一点。

素材没有提供财报具体发布时间、披露范围、收入规模、利润情况，也没有说明这份财报将以什么形式公开。

因此，不能提前判断SpaceX赚了多少钱，也不能把尚未披露的数据写成已经确认的结果。

但这条消息仍然会引起市场讨论。

因为一家长期受到资本和公众关注的公司，即将第一次用相对系统的财务数字，接受外界检验。

过去大家看SpaceX，容易先看火箭、技术和想象力。

财报真正要回答的，却是另一组问题：

这门生意的钱从哪里来？

成本花在了哪里？

收入能不能覆盖持续投入？

一、商业故事最终都要回到账本上

一家公司的技术可以很先进。

项目可以很宏大。

市场想象空间也可以很大。

但这些内容进入财报以后，最终都要被翻译成收入、成本、资产、负债和现金流。

目前素材并没有提供SpaceX具体财务数据，所以不能判断其经营质量。

但首份财报的意义就在这里：

它可能让外界第一次更系统地观察，这家公司如何把技术能力转化为商业收入。

一句话：

技术决定公司能飞多高，财务决定公司能飞多久。

这才是SpaceX首份财报最核心的看点。

二、资本真正关心的，不只是收入有多大

很多人看财报，第一反应是公司赚了多少钱。

但对于高投入企业来说，只看收入还不够。

市场还会关心：

收入是否稳定。

成本是否可控。

持续投入需要多少钱。

公司是否具备稳定的资金来源。

这些问题决定的，不只是某一期数字好不好看。

还决定外界是否愿意继续为它的未来提供资金。

需要强调的是，目前素材没有提供SpaceX融资、估值或资产变化信息。

因此，不能根据“首份财报将至”直接推导其估值会上升或下降。

财报可能影响市场预期，但具体方向要等真实数据披露后才能判断。

三、对职场人来说，名气不等于经营安全感

SpaceX首份财报与普通上班族最直接的关系，不一定是投资。

而是重新理解一家公司。

很多人判断企业时，会看品牌、行业热度和技术光环。

但对求职者来说，真正影响工作安全感的，往往还有企业收入是否稳定、成本压力是否可控，以及业务能不能长期持续。

目前没有素材说明SpaceX的招聘、薪酬或人员调整情况。

因此，不能把首份财报和具体就业变化直接联系起来。

但这件事提醒职场人：

判断一家企业，不能只看它讲了多大的故事。

还要看这个故事有没有稳定的商业支撑。

四、对管理者来说，增长和盈利不是一回事

企业规模扩大，项目增加，社会关注度提高，都可以被称为增长。

但增长并不自动等于盈利。

如果收入增长需要更高的成本和持续资金投入，企业仍然要面对经营压力。

SpaceX首份财报将至，市场会试图从数字中判断：

它现在处于什么经营阶段？

是继续依靠大规模投入换增长，还是已经形成更稳定的收入结构？

这些问题目前没有答案。

但对普通企业管理者来说，它提供了一个现实参照：

真正有效的增长，不只是业务变大，而是每扩大一步，都能让企业更接近可持续经营。

五、普通人不必急着猜结果

面对“SpaceX首份财报将至”这样的消息，最容易出现两种极端判断。

一种是，因为公司技术领先，就认为财务表现一定很好。

另一种是，因为相关业务投入巨大，就认为公司一定难以盈利。

现有素材不支持任何一种结论。

技术优势和财务表现之间存在关系，但并不是同一件事。

在真实数据披露之前，更合理的做法，是把已知和未知分开：

已知的是，SpaceX首份财报将至。

未知的是，它的具体收入、成本、利润、现金流和披露口径。

只有这些数字真正出现，讨论才有事实基础。

六、首份财报真正改变的是市场的判断方式

过去，外界更多通过技术进展、项目动态和市场消息理解SpaceX。

首份财报出现以后，市场可能多一套观察标准：

不仅看它做成了什么。

还看这些成果花了多少钱。

不仅看未来空间有多大。

还看现在的商业模式能不能支撑未来。

这也是所有商业故事最终都绕不开的一关。

想象力可以打开估值空间。

真实收入可以证明需求。

现金流和利润，才决定一家公司能不能长期走下去。

所以，SpaceX首份财报真正值得看的，不是某个单独数字有多高。

而是它能不能证明：

这家公司不仅会把东西送上太空，也能把商业模式稳稳落到账本上。"
7664973953823162932,月租4600元的酒店，为什么开始有人住？,"最近，一则关于”月租4600元的酒店谁在住”的话题引发讨论。

公开素材显示，有媒体关注月租约4600元酒店这一现象，并讨论入住人群。

目前能够确认的事实只有这些。

新闻素材并没有说明所有酒店都推出这一价格，也没有说明入住者都是同一种人群，更没有说明这种模式已经成为行业主流。

但这件事值得讨论。

因为它反映的，也许不是酒店便宜了，而是越来越多人开始重新计算自己的居住成本。

一、很多人比较的，已经不是房子，而是总成本

以前租房，酒店只是临时选择。

现在，一部分酒店开始推出月租产品，意味着住宿和租房之间，出现了新的比较对象。

需要说明的是，目前素材没有提供酒店服务内容、房型、城市和配套信息，因此不能直接比较哪个更划算。

但普通人在做选择时，往往不会只看租金。

还会算：

交通成本。

时间成本。

物业费用。

水电费用。

家具投入。

搬家成本。

这些加在一起，才是真正的生活成本。

所以，4600元真正引发讨论的，不只是价格，而是大家开始重新计算生活方式。

二、酒店为什么愿意做月租？

目前素材没有说明具体原因，因此不能推断酒店经营策略。

但从商业角度来看，酒店推出不同住宿模式，本身说明市场需求正在发生变化。

过去主要服务短期住宿。

现在也可能尝试满足长期居住需求。

需要强调的是，这是商业模式变化的可能方向，并不代表所有酒店都会采用。

真正能不能长期成立，还需要继续观察市场反馈。

三、真正变化的是消费者的选择

对于经常出差的人。

异地工作的年轻人。

短期项目人员。

准备找工作的求职者。

这些人最关心的不只是住在哪里。

而是：

怎样花同样的钱，获得更稳定、更方便的生活。

如果酒店能够降低部分生活管理成本，它可能成为一部分人的新选择。

如果租房整体成本更低，传统租房依然具有优势。

真正决定选择的，不是4600元这个数字。

而是同样预算下，谁能提供更高的综合价值。

四、普通人应该关注什么？

看到这样的新闻，不需要马上得出”以后大家都住酒店”这样的结论。

目前事实不足以支持这种判断。

真正值得关注的是：

未来住宿行业会不会提供更多灵活产品？

长期居住方式是否会越来越多元？

不同城市的生活成本，会不会因此出现新的比较方式？

这些问题，比讨论4600元本身，更值得持续观察。

五、真正值得看的，不是酒店，而是成本

这条新闻真正吸引人的，不只是一个价格。

而是越来越多人开始重新计算：

同样一笔钱，到底应该买房租房，还是购买一种更适合自己的生活方式。

消费选择正在变化。

商业模式也可能跟着变化。

但最终决定方向的，仍然是市场需求，而不是一个数字。

真正改变普通人的，往往不是价格本身，而是成本计算方式。"
7664970247287489039,卖一辆10万元的新车只赚1500元，这笔账到底怎么算？,"最近，一则关于汽车行业利润的消息引起不少讨论。

如果一辆10万元的新车，车企只能赚1500元，那剩下的钱到底去哪了？

很多人觉得车企越来越卷，但真正的问题可能不是销量，而是利润越来越薄。

卖一辆10万元的新车利润只有1.5%，真正值得看的，不是便宜，而是谁还在赚钱。

买车的人想更便宜，车企想活下去，这两件事真的能同时做到吗？

别只盯着车价，这条新闻真正讲的是，一辆车的钱，在产业链里是怎么分配的。

公开素材显示，有报道称，一辆售价10万元的新车，利润可能只有1500元左右，行业利润率低至1.5%；与此同时，新闻提到，上游供应链盈利情况相对更好，车企利润承压明显。

目前能够确认的是上述新闻内容。

但需要说明的是，这并不代表所有品牌、所有车型都是同样利润，也不能据此推导整个行业都处于相同情况。

不过，这条新闻仍然值得普通人认真看一眼。

因为它讨论的，不只是汽车，而是很多行业正在面对的一件事：

卖得越来越多，不一定赚得越来越多。

一、为什么卖得出去，却赚不到钱？

很多人看到10万元的车，会觉得企业至少能赚不少。

但售价，不等于利润。

一辆汽车从研发、生产、采购、物流，到销售和售后，中间要经过很多环节。

新闻提到利润率约1.5%，说明的是企业最终留下来的利润空间已经非常有限。

需要注意的是，目前素材没有提供利润形成原因，因此不能简单归因于价格战、成本上涨或其他具体因素。

只能确认一个现象：

公开报道显示，车企利润承压明显。

二、真正变化的，可能是产业链里的位置

新闻还提到，上游供应链盈利情况相对更好。

这里不能理解为所有供应商都赚钱，也不能理解为车企一定亏损。

但至少说明，同一辆车，不同环节获取利润的能力可能存在差异。

这也是商业里经常出现的一件事。

同一个产品，并不是每个参与者都赚一样的钱。

有的赚制造利润。

有的赚技术利润。

有的赚核心零部件。

有的赚服务能力。

最后留给整车企业的利润空间，可能越来越有限。

三、普通消费者会受到影响吗？

很多人第一反应是：

车企赚得少，是不是以后车会涨价？

目前没有事实能够支持这个结论。

利润下降，不一定意味着价格上涨。

企业可能继续优化成本，也可能调整产品结构，或者寻找新的盈利方式。

因此，这条新闻不能直接推导未来车价走势。

但消费者可以关注另一件事：

如果行业长期利润较低，企业未来更可能关注哪些车型、哪些市场，以及哪些业务能够带来更稳定的收益。

这些变化，最终可能影响消费者未来的选择。

四、对职场人来说，更值得关注岗位变化

如果一家企业利润空间越来越小，它通常会更加重视效率。

但目前新闻没有提到裁员、缩招或组织调整，因此不能把利润压力直接等同于就业变化。

真正值得观察的是：

未来企业会把更多资源投入哪些业务？

哪些岗位仍然具备长期价值？

哪些能力能够帮助企业持续创造利润？

对于准备进入汽车产业的人来说，与其只看销量，不如持续关注利润。

因为利润决定企业有没有能力继续投入研发、招聘和长期发展。

五、真正值得讨论的，不是1500元

很多人会记住这个数字。

但真正值得讨论的是另一句话：

一家公司真正能留下多少钱，比它卖出去多少钱，更能说明经营压力。

利润越薄，企业越需要寻找新的竞争方式。

而消费者、员工、供应商，也都会受到产业变化带来的不同影响。

因此，这条新闻真正提供的，不是一个数字。

而是一个值得持续观察的行业信号。

对于普通人来说，比猜测谁赚钱，更重要的是理解：

利润流向哪里，资源往往就流向哪里。"
7664967246195851811,赣锋锂业等成立能源科技公司，普通人该看懂什么信号？,"赣锋锂业等企业在广东成立了一家能源科技公司，注册资本为2100万元。

目前公开素材能够确认的核心事实，只有这些。

没有足够信息证明这家公司已经建厂、投产、招聘，也不能确认它将具体开展哪些项目、形成多大收入，或者直接改变某类产品价格。

但这条新闻仍然值得普通人看。

因为大企业成立新公司，重要的往往不是注册资本有多大，而是它正在把资源、组织和业务边界往哪里移动。

一、这不是“成立一家新公司”这么简单

赣锋锂业本身处于锂产业相关领域。

现在，赣锋锂业等股东共同成立能源科技公司，至少说明相关企业仍在继续观察和布局能源产业链中的新位置。

需要强调的是，成立公司不等于项目已经落地，更不等于未来一定赚钱。

工商注册只是一个已经发生的动作。

至于公司后续具体做什么、业务规模多大、项目是否实施，都需要继续核验。

但企业不会无缘无故增加一个新的经营主体。

新主体通常意味着，它准备为某类业务建立独立的组织、合同、资金或经营边界。

对普通人来说，真正要看的，就是这条边界将来可能延伸到哪里。

二、对求职者来说，要看岗位会不会跟着产业链移动

很多人找工作，只看眼前哪些岗位正在招聘。

但产业变化通常早于招聘变化。

企业先成立公司、配置管理团队、明确业务方向，之后才可能出现采购、技术、销售、运营、工程或供应链岗位。

目前没有公开信息证明这家公司已经开始招聘，因此不能把这条新闻直接理解为就业机会已经出现。

但准备进入新能源、储能、电力设备或产业服务领域的人，可以把它当成一个观察信号。

未来真正有价值的，不一定只是最热门的技术岗位。

围绕新业务产生的供应链管理、项目交付、设备采购、客户开发和运营协调，也可能形成新的岗位需求。

一句话：

岗位不会凭空出现，它通常先从企业的业务边界里长出来。

求职者看新闻，不只是看哪个公司招人，更要看哪个公司正在扩大自己的业务边界。

三、对上班族来说，要判断自己的经验能不能迁移

产业发生变化时，最先受影响的往往不是所有人，而是原本就在相邻行业里工作的人。

比如制造业、设备、电力、供应链、项目管理或企业服务相关从业者。

当能源企业向新的环节延伸时，一部分原有经验可能变得更有价值，另一部分经验也可能因为业务模式变化而被重新定价。

普通人不需要看到一家新公司成立，就立刻辞职转行。

更现实的做法，是判断自己的能力能不能迁移。

你现在积累的客户资源、采购经验、工程经验、销售能力或项目管理能力，能否进入能源相关的新业务场景？

如果完全不能迁移，追逐热点的成本可能很高。

如果已经处于相邻产业链上，提前理解变化，成本就会低得多。

真正拉开差距的，很多时候不是谁最早喊出风口，而是谁离新增业务最近。

四、对中小企业来说，要看新的订单边界

一家能源科技公司成立，也可能给产业链上下游带来新的合作想象。

但这里必须克制。

目前没有资料能够确认该公司已经对外采购、招标或释放具体订单。

因此，中小企业不能因为看到股东背景和注册资本，就把尚未出现的合作机会当成确定订单。

真正有效的判断，需要继续看几个信息：

公司经营范围是什么？

核心团队来自哪里？

是否出现项目备案、采购、招聘或招标信息？

主要服务企业客户，还是面向终端市场？

只有这些信息逐渐出现，才能判断它可能需要哪些产品和服务。

对中小企业来说，工商新闻不是订单通知。

它更像是一张产业地图上的新坐标。

先知道坐标出现了，再判断有没有能力靠近，而不是先投入成本，再等待需求发生。

五、普通消费者暂时不必过度解读

很多涉及能源、新能源或头部企业的新闻，最后都会被包装成“产品要降价了”“行业要爆发了”或者“普通人的生活将被改变”。

现有素材并不支持这些结论。

一家新公司成立，不代表能源成本已经下降，也不代表终端产品价格一定变化。

企业投资、技术进展、项目建设和价格传导之间，通常还有较长距离。

消费者真正能感知的变化，要等到产品、服务、竞争和成本进入实际市场以后。

所以，对普通消费者来说，这条新闻更适合观察，而不是立刻做消费或投资决策。

六、真正值得看的，是企业正在争夺什么位置

企业成立新主体，往往说明原来的业务边界已经不能完全承载下一步动作。

它可能是为了进入新业务，也可能是为了建立新的合作关系、项目主体或经营安排。

具体原因，目前仍需更多公开信息核验。

但可以确定的是，新能源产业的竞争，不只是卖某一种原材料或某一种产品。

企业会不断尝试向更接近应用、客户和长期服务的位置移动。

原材料决定企业能不能进入牌桌。

技术、渠道、项目和服务能力，才可能决定企业能坐在牌桌的哪个位置。

这也是普通人需要理解的地方。

一家新公司不会立刻改变所有人的生活。

但企业业务边界的变化，可能逐渐改变岗位需求、供应链订单和个人能力的市场价格。

因此，看到赣锋锂业等成立能源科技公司，不需要急着下结论。

先看它以后具体做什么。

再看哪些岗位、企业和能力距离这项业务最近。

最后才判断，这个变化到底和自己有没有关系。

因为面对产业新闻，普通人最重要的不是猜中风口，而是看清自己站在产业链的什么位置。"
7664852815495365171,菲方围顶冲撞中方巡逻艇视频曝光！,"菲方围顶冲撞中方巡逻艇：真正危险的，不只是现场那几下碰撞！

7月20日上午，菲律宾非法坐滩舰释放橡皮艇，以危险方式围顶、冲撞中国海警巡逻艇。

现场过程中，菲方人员还使用划桨、长棍攻击中方执法人员。中方依法采取喊话警告、机动绕航和对等反制等措施，并保持了克制。

如果只把这件事看成几艘船在海上的一次碰撞，很容易忽略真正的问题。

这次事件最值得讨论的，并不是现场谁的声音更大，而是面对不断越界的危险动作，规则怎样执行，边界怎样守住，局势又怎样避免走向失控。

一、这不是普通摩擦，而是有明显危险性的主动动作

海上船只发生接近，和主动围顶、冲撞，不是一个概念。

根据目前披露的信息，菲方释放橡皮艇，以危险方式接近并冲撞中方巡逻艇，菲方人员还使用划桨、长棍攻击中方执法人员。

这意味着，现场已经不只是语言争执，也不是一般性的航行接触，而是出现了具有明显危险性的动作。

船只在海上高速接近，本身就存在风险。

一旦操作失控，人员受伤、船只损坏以及局势升级的可能性都会增加。

至于本次事件是否造成具体损失或人员受伤，目前所给素材并未说明，仍需等待权威信息确认。

但有一点可以确定：

主动围顶、冲撞，再配合长棍等工具攻击执法人员，绝不能被轻描淡写成普通摩擦。

现实生活中也是一样。

一个人反复逼近边界，甚至主动推搡、冲撞，最后却把对方的制止描述成“制造冲突”，真正被破坏的就不只是双方关系，而是规则本身。

如果危险动作可以靠事后改写说法变得合理，那么守规则的一方反而可能承担更高的解释成本。

二、中方保持克制，克制并不等于退让

面对菲方的危险动作，中方采取了喊话警告、机动绕航和对等反制等措施。

这几个动作放在一起看，传递出的是一个很清楚的处置逻辑：

先警告，再规避风险，同时对越界行为作出回应。

这不是没有态度，也不是放弃边界。

真正困难的，从来不是表达愤怒，而是在守住边界的同时，不让对方把局势拖向不可控。

公共事件中，很多人容易把“克制”理解成软弱。

但在复杂海上环境中，处置是否成熟，不能只看动作够不够激烈，还要看是否实现了几个目标：

有没有制止危险行为，有没有保护执法人员，有没有维护合法权益，有没有避免局势进一步升级。

情绪越激烈，不代表处置越有效。

真正有力量的反制，不是把现场推向混乱，而是既不后退，也不给对方制造更大事端的机会。

克制不是放弃边界，而是守住边界时，仍然不把局势交给情绪。

三、现场冲突结束后，事实争夺才刚刚开始

素材显示，事件发生后，菲方歪曲事实，中方要求菲方停止侵权挑衅。

这也说明，类似公共事件往往存在两个现场。

第一个现场，是海上的真实动作。

谁主动接近，谁实施围顶，谁发生冲撞，谁使用工具攻击执法人员，这些都需要依靠完整视频、时间线和权威通报还原。

第二个现场，是事件发生后的信息传播。

各方会如何描述这件事，哪些片段被保留，哪些过程被忽略，公众最终看到的是完整事实，还是经过选择的叙事，同样会影响外界判断。

因此，现场录像的价值不仅是“看起来刺激”。

它更重要的作用，是为判断责任、还原过程、回应歪曲提供证据。

公共事件最怕的，不是存在不同说法。

真正危险的是，现场主动制造风险的一方，在事后传播中反而把自己包装成被动一方。

海上的冲撞可能只持续很短时间，但围绕事实的争夺，往往持续得更久。

所以，面对这类事件，公众既不能只看一个标题，也不能根据一段剪辑迅速下结论。

最终判断仍然需要以完整视频、官方公告和权威来源为准。

四、普通人关心的，其实是规则还能不能被执行

很多人会问，这类海上事件距离普通人的生活很远，为什么仍然会引发广泛关注？

因为普通人真正代入的，并不一定是具体海域或执法过程。

大家关心的是一个更普遍的问题：

当一方不断试探边界、制造危险，规则是否仍然能够被执行？

当守规则的一方进行制止时，会不会反而被歪曲成挑衅者？

当现场事实和事后说法发生冲突时，有没有足够证据还原真相？

这种担忧，在现实生活中并不陌生。

小到个人交往，大到公共秩序，安全感从来不是建立在“永远没有人越界”上。

真正的安全感，是有人越界之后，规则仍然有效，事实仍然能够被还原，制止行为不会因为对方声音更大就失去合理性。

真正的安全感，不是从来没有人越界，而是越界之后，规则依然能够被执行。

这也是这次事件引发关注的根本原因。

大家看到的表面，是橡皮艇、巡逻艇、划桨和长棍。

背后真正被检验的，是边界、规则、证据和风险控制能力。

结语

截至目前，能够确认的是，菲方以危险方式围顶、冲撞中国海警巡逻艇，菲方人员还使用划桨、长棍攻击中方执法人员；中方采取喊话警告、机动绕航和对等反制等措施，并保持克制。

至于事件更完整的过程、具体海域、涉事人数以及是否造成人员或设备损失，还需要等待原始视频和权威信息进一步确认。

这件事不应该被情绪化地扩大成战争预测，也不能被淡化成普通摩擦。

更准确的判断是：

面对危险试探，边界必须守住；面对信息混乱，事实必须还原；面对可能升级的局势，处置又必须保持理性。

你认为，面对这种主动围顶和冲撞行为，最重要的是加强现场反制，还是持续公布完整证据、掌握事实解释权？"
7664673924667556402,一年超8万家面包店关停：为什么每天都有人买还是有人撑不下去？,"最近，一则关于**“一年超8万家面包店关停”**的消息引发关注。

与此同时，还有媒体报道提到，烘焙行业上市公司出现了半年亏损的情况。

不过，需要说明的是，目前公开素材还没有完整展示“8万家”这一数字的统计口径和来源，也不能仅凭一家企业的经营情况，就代表整个烘焙行业。

因此，更值得讨论的不是一句“行业不行了”，

而是：为什么消费者还在买，门店却越来越难经营？

很多人都有一种直觉。

早上买面包的人不少，下午茶的人不少，商场里的烘焙店也经常排队。

既然每天都有顾客，为什么还会不断有门店关停？

问题就在这里。

有需求，不等于有利润。

对于消费者来说，看到的是柜台上的面包。

对于经营者来说，看到的是每天必须支付的账单。

一块面包卖出去，并不意味着赚到了钱。

房租、人工、设备、原材料、损耗、水电、营销……这些成本，

并不会因为今天多卖几块面包就自动减少。

尤其是烘焙产品，大多保鲜期有限。

今天没有卖完，明天可能就要处理甚至报废。

顾客看到的是新鲜，老板承担的是损耗。

这也是为什么，很多门店明明一直有人进出，老板却依然觉得压力越来越大。

还有一种现象，也很容易让人产生误判。

看到一家网红店排队，就以为整个行业都赚钱。

实际上，一家店生意好，并不能代表所有门店都活得轻松。

不同城市、不同商圈、不同经营模式，面对的成本和客流完全不同。

新闻里提到的大量关停，更像是在提醒大家：

行业里既有生意好的门店，也有撑不下去退出的门店。

对于普通人来说，这条新闻至少会影响三类人。

第一类，是消费者。

你可能会发现，熟悉的社区面包店换了品牌，或者直接关门了。

以后买面包的选择、价格和便利性，都可能发生变化。

第二类，是行业从业者。

烘焙师、店员、店长、门店运营等岗位，都会受到门店调整的影响。

门店减少，意味着部分岗位也可能随之变化。

第三类，是准备创业的人。

很多人看到一家店排队，就觉得这门生意值得做。

但真正需要看的，不只是顾客有多少，而是一家店能不能长期覆盖成本、保持稳定经营。

排队，是现场看到的结果。

利润，才决定一家店能不能继续活下去。

所以，当以后再看到类似“某行业一年关了多少家店”的新闻，不妨先问几个问题。

这个数字来自哪里？

统计的是门店关闭、企业注销，还是其他口径？

同期有没有新开的门店？

关闭的是加盟店、直营店，还是个体经营？

一家上市公司的经营情况，能不能代表整个行业？

这些问题，比一句“行业不行了”更有价值。

因为新闻提供的是现象，真正帮助普通人做判断的，是把现象背后的信息看完整。

顾客愿意买面包，只能说明产品还有需求；

一家门店能够长期经营，才说明这门生意真正跑通了。

所以，与其只盯着“一年超8万家面包店关停”这组数字，

不如关注它提醒我们的另一件事：

任何一个看起来热闹的行业，都不能只看排队的人，还要看最后留下来的账本。"
7664155354682393115,两类服务业增长超10%，小老板该重新理解轻资产！,"很多人理解“轻资产”，第一反应是不用租厂房、不压库存、少雇员工。

于是，一些创业者把设备、门店和人员都砍掉，留下一个账号、一台电脑和几个AI工具，就认为自己已经完成了轻资产转型。

但真正的问题是：

资产变轻了，交付能力也可能一起变轻。

国家统计局公布的2026年上半年数据显示，租赁和商务服务业增加值同比增长11.9%，信息传输、软件和信息技术服务业增长10.7%。两类服务业增速都超过10%。

这组数据不能直接证明“做服务就一定赚钱”，也不能代表每一家小企业的经营结果。

它更值得关注的地方在于：当经济活动越来越依赖专业分工、信息处理和持续交付时，企业投入的重点可能正在发生变化。

一、轻资产不是没有投入，而是投入对象变了

传统生意常把钱投入厂房、设备、门店和库存。这些资产看得见，也比较容易计算。

服务型生意的投入往往不在货架上，而在人的判断、信息系统、客户关系和交付流程里。

它们看起来不“重”，但建立起来并不轻松。

例如，同样为一家小企业解决获客问题，有人只交付一份通用方案；有人先分析客户、产品和渠道，再设计内容、执行测试并复盘数据。

前者卖的是一份文件，后者交付的是一个更接近结果的过程。

电脑和软件可能完全一样，真正拉开差距的，是对问题的理解，以及能否稳定完成交付。

二、真正的轻资产，通常重在三种能力
1. 重专业判断

客户愿意为服务付费，往往不是因为信息稀缺，而是因为他不知道如何选择。

网上不缺教程，缺的是结合具体情况作出判断：

什么适合做，什么不该做，先做哪一步，失败了如何调整。

这类判断来自长期经验、行业知识和对边界的理解，不是把公开资料重新整理一遍。

2. 重信息与获客

没有库存，不代表没有获客成本。

服务不能像商品一样摆在货架上，让顾客一眼看明白。客户必须先理解你能解决什么问题、为什么应该相信你、交付后能够得到什么。

因此，内容、案例、口碑、客户筛选和沟通系统，本身就是服务生意的重要资产。

如果没有稳定的获客方式，再好的能力也可能一直停留在个人手艺阶段。

3. 重标准化交付

许多服务生意的问题不是不会做，而是每次都要从头做。

客户一多，沟通失控；换个人执行，质量下降；订单增加，老板反而越来越忙。

真正可复制的轻资产模式，需要把经验拆成流程：

输入是什么、步骤有哪些、哪些地方必须人工判断、怎样验收、什么情况不能承诺。

当交付过程可以被记录、检查和复盘，个人能力才有机会变成经营系统。

三、小老板应该怎样开始

第一步，不要急着给自己贴上“咨询”“数字化”或者“AI服务”的标签。

先写下客户反复遇到、又愿意付费解决的一个具体问题。

第二步，把解决过程拆成一个最小服务产品：

服务谁、解决什么问题、包括哪些步骤、多久交付、收费对应什么结果边界。

第三步，用少量真实客户进行测试，记录获客成本、沟通时间、交付时间、返工次数、复购和实际毛利。

如果客户不愿意付费，可能不是价格问题，而是问题不够重要。

如果订单增加以后越来越忙，说明流程还没有标准化。

如果收入增长但利润没有增长，说明所谓的“轻资产”，只是把隐性的人工成本藏起来了。

四、轻资产的本质，是降低固定负担，提高能力复用

轻资产的优势，不是永远不买设备、不招员工。

它真正的价值是：在需求没有验证以前，减少不可逆的投入；在需求得到验证以后，把资源投入能够反复使用的能力。

这些能力可能是一套方法、一组数据、一条获客渠道、一套软件流程，也可能是一支稳定的交付团队。

所以，小老板真正应该关注的不是“我有没有厂房”，而是下面三个问题：

我的专业判断能否得到客户认可？
我的交付能否在不完全依赖老板的情况下重复？
每完成一单，系统有没有留下可以复用的资产？

轻资产不是不用花钱，而是不把钱过早锁死在未经验证的规模上。

把投入从库存冲动转向专业能力、信息系统和交付流程，才可能让生意在保持灵活的同时，逐步形成真正的壁垒。"
7664135733241790985,服务消费增长5.3%，为什么只卖商品越来越难赚钱？,"很多老板把生意难做，归因于流量贵、同行多、消费者不愿花钱。

这些原因都可能存在，但还有一个更容易被忽略的变化：

顾客依然在消费，只是愿意付钱的部分，正在从单纯的“东西”，延伸到体验、方案和交付。

国家统计局公布的2026年上半年数据显示，服务零售额同比增长5.3%，商品零售额增长1.1%。

这里必须先说明：两个增速不能证明“服务已经取代商品”，也不意味着所有商品行业都在萎缩。它更像一个经营信号——当同质化商品越来越容易比较价格时，只靠买进卖出的生意，会更难建立差异。

一、真正难卖的，可能不是商品，而是“没有附加价值的商品”

假设同一条街上有两家卖空调的店。

第一家主要介绍品牌、型号和价格。顾客打开手机，很快就能找到更便宜的报价。店家为了成交，只能继续降价。

第二家卖的还是空调，但它先上门测量，帮助顾客判断匹数和安装位置，再提供安装、清洗、保养和旧机处理方案。顾客购买的就不只是一台机器，还包括少走弯路、减少返工和后续有人负责。

这只是一个用于解释经营逻辑的假设场景，不代表具体企业的经营数据。但它揭示了一个现实：

标准化商品容易比价，非标准化问题却需要有人解决。

顾客买商品，是为了获得某个结果。谁能更稳定地交付这个结果，谁才更有机会摆脱单纯的价格竞争。

二、服务的价值，是降低顾客的不确定性

很多人把服务理解为态度好一点、回复快一点。

这还不够。

真正可以形成经营价值的服务，通常解决三类问题：

第一，

购买前不会选。

顾客面对大量型号、参数和方案，担心买错。诊断、咨询、测量和方案设计，减少的是决策成本。

第二，

购买中怕麻烦。

配送、安装、调试、培训和进度协调，减少的是时间成本与交付风险。

第三，

购买后没人管。

维护、升级、复购提醒和问题处理，减少的是使用过程中的不确定性。

所以，服务并不是在商品之外随便增加一个收费项目，而是围绕顾客想要的结果，把原本无人承担的麻烦接过来。

这也解释了为什么只靠“我有货”越来越难形成壁垒。货源可能被复制，价格可能被看见，但对客户问题的理解、交付流程和长期关系，不容易在短期内照搬。

三、小生意不必抛弃商品，而要重新设计“卖货”

看到服务消费增长，并不意味着所有老板都要立刻转行做咨询，也不意味着商品没有机会。

更现实的做法，是从现有业务中寻找三种升级。

1. 给商品增加结果导向的服务

家具不只卖桌椅，还可以增加空间测量、搭配、安装和维护；设备不只卖机器，还可以增加调试、培训和定期检查；农产品不只卖原料，还可以增加组合方案、食用指导和稳定配送。

重点不是服务项目越多越好，而是哪一项真正解决了顾客愿意付费的麻烦。

2. 把个人经验变成标准交付

许多老板确实有经验，但经验只存在脑子里，换个人就做不好。

可以把服务拆成清单：服务对象是谁、解决什么问题、包括哪些步骤、多久完成、什么情况不承诺、验收标准是什么。

当经验被写成流程，服务才有可能稳定交付，进一步计算成本和价格。

3. 先做小实验，不要一次性重投入

服务也有成本。它可能增加人员、沟通和管理负担，并不天然比卖商品更赚钱。

可以先从老客户中选择一个高频问题，设计一个最小服务方案，连续测试一段时间，记录咨询人数、购买人数、交付时间、客诉、复购和实际毛利，再决定是否扩大。

没有数据的“转型”，只是换一种方式冒险。

四、未来的竞争，可能是“商品能力 × 服务能力”

商品依然重要。没有稳定产品，服务容易失去载体；没有好的交付，再便宜的商品也可能带来售后问题。

真正值得关注的变化是：过去很多生意把服务当作赠品，未来服务可能成为顾客选择你的主要理由。

对于普通创业者和小老板来说，不一定要寻找一个全新的风口。更值得先问三个问题：

顾客购买前最怕选错什么？

交易过程中最讨厌什么麻烦？

使用之后最担心谁不负责？

这些问题的答案，往往就是可以被设计、定价和验证的服务。

不是商品不赚钱了，而是只交付商品，越来越难让顾客看见你与别人的区别。

当产品成为入口，方案、交付和长期关系成为价值的一部分，小生意才可能从一次性买卖，走向更稳定的经营。"
7663199715470672422,创业失败以后，还是愿意继续找老师、找陪跑、找圈子？,"作品声明：个人观点、仅供参考

创业最折磨人的，从来不是亏钱。

而是不知道自己为什么亏。

很多人做产品失败。

以为是产品不行。

换项目。

结果还是失败。

很多人做账号没流量。

以为平台不行。

换平台。

结果还是没流量。

很多创业者最大的痛苦不是失败。

而是：

不知道应该坚持，还是应该放弃。

于是他们开始寻找一个确定答案。

有人告诉他：

坚持三个月。

有人告诉他：

执行力不够。

有人告诉他：

再报一个高阶班。

慢慢地，创业培训就变成了一门非常特殊的生意。

成功属于老师。

失败属于学员。

解释权永远属于卖课的人。

但换一个角度看。

创业者找人带，本身并没有错。

因为创业最大的成本不是学费。

而是方向错误。

真正有价值的老师，不是给你希望。

而是帮你节省时间。

减少错误。

提高判断。

创业最贵的，从来不是学费。

而是用几年时间验证一个本来就错的方向。"
7663153397356315146,为什么很多老板越来越忙，公司却越来越赚不到钱？,"作品声明：个人观点、仅供参考

很多老板创业几年后都会发现一个奇怪的现象：

公司越来越大，
客户越来越多，
员工越来越多，

但自己却越来越忙。

忙到半夜回消息，
忙到周末处理问题，
忙到一年到头没有休息。

结果呢？

收入没有明显增长，
利润越来越薄，
压力越来越大。

很多人以为这是创业必经阶段。

实际上，这往往是企业开始出问题的信号。

因为一个老板最值钱的，从来不是执行能力。

而是判断能力。

我见过很多老板一天工作十四个小时。

报价自己做，
采购自己谈，
客服自己回，
发货自己盯，
财务自己管。

表面看起来非常努力。

实际上，公司最贵的人，正在做最便宜的工作。

老板一旦开始替员工干活，

企业就会进入一个死循环：

老板越忙；

员工越不会承担责任；

员工越不承担责任；

老板就越忙。

最后变成：

公司离不开老板，
老板也离不开公司。

企业看起来活着，

实际上只是老板在用自己的时间续命。

很多人认为：

创业最大的风险是没有客户。

其实不是。

真正危险的是：

老板成为整个系统唯一的发动机。

因为发动机一旦停下来，

整个系统都会停下来。

这样的企业规模越大，

风险反而越高。

我后来发现，

老板真正的工作其实只有三件事：

第一，决定做什么。

第二，决定资源放在哪里。

第三，决定什么事情不做。

除此之外的大多数工作，

理论上都应该被流程、工具或者团队接管。

如果老板每天都在忙执行，

说明组织设计出了问题。

一个员工月薪五千。

一个老板一天创造的价值可能就是五千。

如果老板花一天时间做员工的工作，

企业实际上损失的不是五千，

而是老板原本应该创造的更高价值。

很多老板看起来是在节约成本。

实际上是在消耗企业最贵的资源。

这个资源叫：

老板的注意力。

创业到最后比拼的，

往往不是谁更努力。

而是谁更早从”亲自干活”，

升级到”设计系统”。

因为人会累，

时间有限，

只有系统才能复制。

老板最大的风险，不是员工不干活。

而是老板把所有活都变成了自己必须干。"
