标题,发布时间,展现量,阅读量,点击率估算,点赞,评论,收益,采集时间,状态
云南出手了，投诉量前50的旅行社全部被约谈！,2026-08-19 14:00,15,0,0.00%,0,0,,2026-08-19T17:15:39.228Z,已发布|首发
17岁女孩坐顺风车，被锁车内暴晒近2小时 向家人求救！,2026-08-19 12:00,0,0,0.00%,0,0,,2026-08-19T17:15:39.228Z,已发布|首发
考驾照的人为何变少了，驾校的黄金时代过去了？,2026-08-19 08:00,16,0,0.00%,0,0,,2026-08-19T17:15:39.228Z,已发布|已推送|首发
爸爸带14岁厌学儿子三伏天送外卖！,2026-08-19 06:00,671,16,2.38%,0,0,,2026-08-19T17:15:39.228Z,已发布|已推送|首发
广东上调最低工资，新一轮涨工资开始了！,2026-08-19 04:00,9,1,11.11%,0,0,,2026-08-19T17:15:39.228Z,已发布|首发
你手里的手机壳，可能是医疗垃圾做的！,2026-08-19 00:21,18,0,0.00%,0,1,,2026-08-19T17:15:39.228Z,已发布|首发
胖东来闭店员工称全员去新店！,2026-08-17 12:00,20,0,0.00%,0,0,,2026-08-19T17:15:39.228Z,已发布|首发
市场占有率超6成！中国车发现新大陆！,2026-08-17 08:00,144,13,9.03%,0,0,,2026-08-19T17:15:39.228Z,已发布|已推送|首发
废油变身抢手货 出口订单排到明年！,2026-08-17 06:00,36,1,2.78%,0,0,,2026-08-19T17:15:39.228Z,已发布|首发
许昌 胖东来 附近老板流泪说舍不得！,2026-08-17 04:00,19,0,0.00%,0,0,,2026-08-19T17:15:39.228Z,已发布|首发
多名成年人被父母送进矫治机构！,2026-08-17 02:00,17,0,0.00%,0,0,,2026-08-19T17:15:39.228Z,已发布|首发
请3天假就能连休13天，这个拼假方案今天刷屏了！,2026-08-16 21:13,2039,2,0.10%,0,1,,2026-08-19T17:15:39.228Z,已发布|首发
TikTok允许用户降低AI内容比例，真正变化的是流量由谁决定！,2026-07-27 12:00,1034,0,0.00%,0,0,,2026-08-19T17:15:39.228Z,已发布|首发
TikTok开始识别AI批量垃圾账号，真正被淘汰的可能不是AI,2026-07-27 10:00,1054,0,0.00%,0,0,,2026-08-19T17:15:39.228Z,已发布|首发
能源成本上涨，但企业不敢向消费者提价？,2026-07-27 08:00,1065,0,0.00%,0,0,,2026-08-19T17:15:39.228Z,已发布|首发
KFC和必胜客靠折扣恢复增长，但低价不能直接复制！,2026-07-27 06:00,1212,6,0.50%,0,1,,2026-08-19T17:15:39.228Z,已发布|首发
消费贷款违约创新高，低收入用户正在主动缩减需求！,2026-07-27 04:00,963,0,0.00%,0,0,,2026-08-19T17:15:39.228Z,已发布|首发
中国线上餐饮增长13.9%，餐饮入口继续向数字渠道迁移！,2026-07-27 02:37,2394,25,1.04%,0,1,,2026-08-19T17:15:39.228Z,已发布|已推送|首发
24批次食品不合格，别等吃进嘴才知道,2026-07-25 13:00,1247,0,0.00%,0,0,,2026-08-19T17:15:39.228Z,已发布|首发
亚马逊最高退51美元：自动续费该查了,2026-07-25 11:00,2136,74,3.46%,0,0,,2026-08-19T17:15:39.228Z,已发布|首发
携程被罚没51.79亿元：你订酒店时看到的“最低价”到底谁说了算,2026-07-25 09:06,1282,0,0.00%,0,0,,2026-08-19T17:15:39.228Z,已发布|首发
8年质保到期后，电车车主才发现：最贵的可能不是买车,2026-07-24 13:00,1531,14,0.91%,0,1,,2026-08-19T17:15:39.228Z,已发布|首发
317万年终奖截图传出去后被辞退：职场人真正该怕的不是炫富,2026-07-24 11:54,1520,0,0.00%,0,0,,2026-08-19T17:15:39.228Z,已发布|首发
贵州遵义多部门查处抠脚汉扮美女卖酒涉事公司！,2026-07-24 06:00,1381,0,0.00%,0,0,,2026-08-19T17:15:39.228Z,已发布|首发
68元请香结账变952元，湖南衡阳通报涉事商行罚款4000元，停业7天,2026-07-24 04:00,870,2,0.23%,0,0,,2026-08-19T17:15:39.228Z,已发布|首发
自驾新能源汽车跨境遭远程锁车超30小时，车主称事前未提醒！,2026-07-24 02:00,798,2,0.25%,0,0,,2026-08-19T17:15:39.228Z,已发布|首发
特斯拉营收增长26%，利润却下降：卖得更多，为什么赚钱更难？,2026-07-23 17:00,957,0,0.00%,0,0,,2026-08-19T17:15:39.228Z,已发布|首发
亚马逊裁减AGI团队岗位，AI研发开始接受业务优先级审查！,2026-07-23 15:01,868,0,0.00%,0,0,,2026-08-19T17:15:39.228Z,已发布|首发
年轻人为何少喝康师傅？,2026-07-23 13:00,937,1,0.11%,0,0,,2026-08-19T17:15:39.228Z,已发布|已推送|首发
多款高端手机涨价超1000元：新机越来越贵，还需要年年换吗？,2026-07-23 11:00,871,0,0.00%,0,1,,2026-08-19T17:15:39.228Z,已发布|首发
净网：网警发布20起涉汛涉灾谣言案例！,2026-07-23 09:26,67,0,0.00%,0,0,,2026-08-19T17:15:39.228Z,已发布|首发
求职者因过往民事诉讼被大厂拒聘，过度背调引争议！,2026-07-23 07:55,657,0,0.00%,0,0,,2026-08-19T17:15:39.228Z,已发布|首发
TikTok Shop开始亲自替商家做运营，代运营行业可能被平台吞掉！,2026-07-22 18:55,700,0,0.00%,0,0,,2026-08-19T17:15:39.228Z,已发布|首发
上半年全国城镇新增就业695万人，同比持平！,2026-07-22 18:00,700,1,0.14%,0,0,,2026-08-19T17:15:39.228Z,已发布|首发
外卖补贴监管进入落地窗口，餐饮流量战将从补贴转向利润核算,2026-07-22 17:00,1991,25,1.26%,0,0,,2026-08-19T17:15:39.228Z,已发布|已推送|首发
国家消费规划明确支持地域餐饮品牌和美食产业集群！,2026-07-22 16:00,469,1,0.21%,0,0,,2026-08-19T17:15:39.228Z,已发布|首发
第一批电车电池8年质保潮来临！,2026-07-22 15:00,581,3,0.52%,0,0,,2026-08-19T17:15:39.228Z,已发布|首发
2026年财富中国500强出炉Q！,2026-07-22 14:00,453,2,0.44%,0,0,,2026-08-19T17:15:39.228Z,已发布|首发
女子临近退休差点多等11年领养老金！,2026-07-22 13:00,386,0,0.00%,0,0,,2026-08-19T17:15:39.228Z,已发布|首发
老人赠房56岁女友被叫停！,2026-07-22 12:00,340,0,0.00%,0,0,,2026-08-19T17:15:39.228Z,已发布|首发
"酒店低价早餐券灰产:用差评换霸王餐,有商家卖出3万张获利数十万",2026-07-22 10:00,8938,2,0.02%,0,0,,2026-08-19T17:15:39.228Z,已发布|首发
"女子买二手房吊顶流出血水,原房东疑因卖亏了在房中藏死鸡报复",2026-07-22 08:54,418,4,0.96%,0,0,,2026-08-19T17:15:39.228Z,已发布|首发
英国首相伯纳姆首秀：将启动40年来最大改革,2026-07-22 04:00,641,14,2.18%,0,0,,2026-08-19T17:15:39.228Z,已发布|首发
美国对加拿大产品加征50%关税！,2026-07-22 03:00,332,1,0.30%,0,0,,2026-08-19T17:15:39.228Z,已发布|首发
美股高开低走 芯片股反弹！,2026-07-22 02:01,264,0,0.00%,0,0,,2026-08-19T17:15:39.228Z,已发布|首发
世界杯日均消耗15.84万亿Token！,2026-07-22 01:00,246,0,0.00%,0,0,,2026-08-19T17:15:39.228Z,已发布|首发
美国拟限制中国开源AI模型！,2026-07-21 21:00,791,21,2.65%,0,0,,2026-08-19T17:15:39.228Z,已发布|首发
71岁奶奶救人被认定见义勇为！,2026-07-21 20:00,288,2,0.69%,0,0,,2026-08-19T17:15:39.228Z,已发布|首发
SpaceX首份财报将至，真正要接受检验的是这门生意,2026-07-21 19:01,466,14,3.00%,0,0,,2026-08-19T17:15:39.228Z,已发布|首发
月租4600元的酒店，为什么开始有人住？,2026-07-21 18:00,312,1,0.32%,0,0,,2026-08-19T17:15:39.228Z,已发布|首发
卖一辆10万元的新车只赚1500元，这笔账到底怎么算？,2026-07-21 17:00,357,6,1.68%,0,1,,2026-08-19T17:15:39.228Z,已发布|首发
赣锋锂业等成立能源科技公司，普通人该看懂什么信号？,2026-07-21 16:11,4273,269,6.30%,0,0,,2026-08-19T17:15:39.228Z,已发布|首发
菲方围顶冲撞中方巡逻艇视频曝光！,2026-07-21 08:46,414,6,1.45%,0,0,,2026-08-19T17:15:39.228Z,已发布|首发
一年超8万家面包店关停：为什么每天都有人买还是有人撑不下去？,2026-07-20 21:12,1963,4,0.20%,0,0,,2026-08-19T17:15:39.228Z,已发布|已推送|首发
两类服务业增长超10%，小老板该重新理解轻资产！,2026-07-19 11:37,420,0,0.00%,0,0,,2026-08-19T17:15:39.228Z,已发布|首发
服务消费增长5.3%，为什么只卖商品越来越难赚钱？,2026-07-19 10:25,458,3,0.66%,0,0,,2026-08-19T17:15:39.228Z,已发布|首发
创业失败以后，还是愿意继续找老师、找陪跑、找圈子？,2026-07-17 04:00,403,2,0.50%,0,0,,2026-08-19T17:15:39.228Z,已发布|首发
为什么很多老板越来越忙，公司却越来越赚不到钱？,2026-07-16 18:55,518,8,1.54%,0,1,,2026-08-19T17:15:39.228Z,已发布|已推送|首发
